{
    "asset": {
        "format": "jpg",
        "id": "019c7215a812fc58897d4f30add89a93",
        "name": "chana.jpg",
        "path": "file:/home/leo/Desktop/New%20Folder12/novo/chana.jpg",
        "size": {
            "width": 1300,
            "height": 866
        },
        "state": 2,
        "type": 1
    },
    "regions": [
        {
            "id": "0lJNZkiK1",
            "type": "RECTANGLE",
            "tags": [
                "pomme de terre"
            ],
            "boundingBox": {
                "height": 294.25704225352115,
                "width": 461.78194607268466,
                "left": 374.65013188745604,
                "top": 233.2711267605634
            },
            "points": [
                {
                    "x": 374.65013188745604,
                    "y": 233.2711267605634
                },
                {
                    "x": 836.4320779601406,
                    "y": 233.2711267605634
                },
                {
                    "x": 836.4320779601406,
                    "y": 527.5281690140845
                },
                {
                    "x": 374.65013188745604,
                    "y": 527.5281690140845
                }
            ]
        },
        {
            "id": "W0cL9hm12",
            "type": "RECTANGLE",
            "tags": [
                "poulet"
            ],
            "boundingBox": {
                "height": 291.2077464788733,
                "width": 638.569753810082,
                "left": 136.90101113716295,
                "top": 423.8521126760564
            },
            "points": [
                {
                    "x": 136.90101113716295,
                    "y": 423.8521126760564
                },
                {
                    "x": 775.470764947245,
                    "y": 423.8521126760564
                },
                {
                    "x": 775.470764947245,
                    "y": 715.0598591549297
                },
                {
                    "x": 136.90101113716295,
                    "y": 715.0598591549297
                }
            ]
        }
    ],
    "version": "2.2.0"
}