{
    "asset": {
        "format": "jpg",
        "id": "07136c885252a19e456a9ab2df253ecb",
        "name": "fromage-parmesan.jpg",
        "path": "file:/home/leo/Desktop/New%20Folder12/novo/fromage-parmesan.jpg",
        "size": {
            "width": 1300,
            "height": 1004
        },
        "state": 2,
        "type": 1
    },
    "regions": [
        {
            "id": "I0JB37OqU",
            "type": "POLYGON",
            "tags": [
                "sauce tomate viande achee"
            ],
            "boundingBox": {
                "height": 479.0211267605634,
                "width": 528.843537414966,
                "left": 412.5233843537415,
                "top": 219.1830985915493
            },
            "points": [
                {
                    "x": 414.2920918367347,
                    "y": 539.1197183098592
                },
                {
                    "x": 430.21045918367344,
                    "y": 335.84507042253523
                },
                {
                    "x": 617.6934523809524,
                    "y": 219.1830985915493
                },
                {
                    "x": 810.4825680272108,
                    "y": 220.95070422535213
                },
                {
                    "x": 921.9111394557823,
                    "y": 337.61267605633805
                },
                {
                    "x": 941.3669217687075,
                    "y": 519.6760563380282
                },
                {
                    "x": 782.1832482993198,
                    "y": 689.3661971830986
                },
                {
                    "x": 600.0063775510204,
                    "y": 698.2042253521128
                },
                {
                    "x": 412.5233843537415,
                    "y": 540.887323943662
                }
            ]
        },
        {
            "id": "l8a-BOm3C",
            "type": "RECTANGLE",
            "tags": [
                "percile"
            ],
            "boundingBox": {
                "height": 190.90140845070422,
                "width": 268.84353741496597,
                "left": 332.9315476190476,
                "top": 113.12676056338029
            },
            "points": [
                {
                    "x": 332.9315476190476,
                    "y": 113.12676056338029
                },
                {
                    "x": 601.7750850340136,
                    "y": 113.12676056338029
                },
                {
                    "x": 601.7750850340136,
                    "y": 304.02816901408454
                },
                {
                    "x": 332.9315476190476,
                    "y": 304.02816901408454
                }
            ]
        },
        {
            "id": "XP8Lj4e3S",
            "type": "POLYGON",
            "tags": [
                "spagetty"
            ],
            "boundingBox": {
                "height": 654.0140845070425,
                "width": 686.2585034013605,
                "left": 331.16284013605434,
                "top": 123.73239436619721
            },
            "points": [
                {
                    "x": 577.0131802721088,
                    "y": 730.0211267605636
                },
                {
                    "x": 835.2444727891155,
                    "y": 689.3661971830988
                },
                {
                    "x": 989.1220238095237,
                    "y": 496.6971830985918
                },
                {
                    "x": 812.251275510204,
                    "y": 197.97183098591552
                },
                {
                    "x": 511.57100340136054,
                    "y": 252.76760563380293
                },
                {
                    "x": 396.60501700680265,
                    "y": 479.0211267605636
                },
                {
                    "x": 451.4349489795918,
                    "y": 616.8943661971833
                },
                {
                    "x": 414.29209183673464,
                    "y": 657.5492957746482
                },
                {
                    "x": 331.16284013605434,
                    "y": 480.78873239436643
                },
                {
                    "x": 444.360119047619,
                    "y": 190.90140845070425
                },
                {
                    "x": 660.142431972789,
                    "y": 123.73239436619721
                },
                {
                    "x": 886.5369897959183,
                    "y": 212.1126760563381
                },
                {
                    "x": 989.1220238095237,
                    "y": 410.0845070422537
                },
                {
                    "x": 1017.4213435374149,
                    "y": 592.1478873239439
                },
                {
                    "x": 849.3941326530612,
                    "y": 728.2535211267608
                },
                {
                    "x": 598.2376700680271,
                    "y": 777.7464788732397
                },
                {
                    "x": 423.1356292517006,
                    "y": 676.9929577464789
                },
                {
                    "x": 449.6662414965986,
                    "y": 620.429577464789
                }
            ]
        }
    ],
    "version": "2.2.0"
}