{
    "asset": {
        "format": "jpg",
        "id": "0798050bd303bb70bc1c8d6319837f75",
        "name": "viande-de-domoda.jpg",
        "path": "file:/home/leo/Desktop/New%20Folder12/novo/viande-de-domoda.jpg",
        "size": {
            "width": 866,
            "height": 1390
        },
        "state": 2,
        "type": 1
    },
    "regions": [
        {
            "id": "OJffyifrt",
            "type": "RECTANGLE",
            "tags": [
                "bouillont de viande"
            ],
            "boundingBox": {
                "height": 641.161971830986,
                "width": 523.5141242937854,
                "left": 74.498322740113,
                "top": 420.9154929577465
            },
            "points": [
                {
                    "x": 74.498322740113,
                    "y": 420.9154929577465
                },
                {
                    "x": 598.0124470338984,
                    "y": 420.9154929577465
                },
                {
                    "x": 598.0124470338984,
                    "y": 1062.0774647887324
                },
                {
                    "x": 74.498322740113,
                    "y": 1062.0774647887324
                }
            ]
        },
        {
            "id": "ao2_Ow07b",
            "type": "RECTANGLE",
            "tags": [
                "riz"
            ],
            "boundingBox": {
                "height": 474.7535211267606,
                "width": 610.4734286723163,
                "left": 255.52657132768363,
                "top": 163.96126760563382
            },
            "points": [
                {
                    "x": 255.52657132768363,
                    "y": 163.96126760563382
                },
                {
                    "x": 866,
                    "y": 163.96126760563382
                },
                {
                    "x": 866,
                    "y": 638.7147887323944
                },
                {
                    "x": 255.52657132768363,
                    "y": 638.7147887323944
                }
            ]
        }
    ],
    "version": "2.2.0"
}