{
    "asset": {
        "format": "jpg",
        "id": "0ae547dc5b163c86f27629c147b1eeb5",
        "name": "yukie.jpg",
        "path": "file:/home/leo/Desktop/New%20Folder12/novo/yukie.jpg",
        "size": {
            "width": 1300,
            "height": 864
        },
        "state": 2,
        "type": 1
    },
    "regions": [
        {
            "id": "wREEvALMR",
            "type": "RECTANGLE",
            "tags": [
                "bouillont de viande"
            ],
            "boundingBox": {
                "height": 425.9154929577465,
                "width": 453.09941520467834,
                "left": 267.3410087719298,
                "top": 228.16901408450704
            },
            "points": [
                {
                    "x": 267.3410087719298,
                    "y": 228.16901408450704
                },
                {
                    "x": 720.4404239766081,
                    "y": 228.16901408450704
                },
                {
                    "x": 720.4404239766081,
                    "y": 654.0845070422536
                },
                {
                    "x": 267.3410087719298,
                    "y": 654.0845070422536
                }
            ]
        }
    ],
    "version": "2.2.0"
}