{
    "asset": {
        "format": "jpg",
        "id": "213ac2aa2cefb52e3cb088358ace302a",
        "name": "samosa.jpg",
        "path": "file:/home/leo/Desktop/New%20Folder12/novo/samosa.jpg",
        "size": {
            "width": 1300,
            "height": 957
        },
        "state": 2,
        "type": 1
    },
    "regions": [
        {
            "id": "e9rroJ1hc",
            "type": "RECTANGLE",
            "tags": [
                "sauce epicee"
            ],
            "boundingBox": {
                "height": 215.66197183098592,
                "width": 229.01554404145077,
                "left": 515.784893134715,
                "top": 375.7235915492958
            },
            "points": [
                {
                    "x": 515.784893134715,
                    "y": 375.7235915492958
                },
                {
                    "x": 744.8004371761658,
                    "y": 375.7235915492958
                },
                {
                    "x": 744.8004371761658,
                    "y": 591.3855633802817
                },
                {
                    "x": 515.784893134715,
                    "y": 591.3855633802817
                }
            ]
        },
        {
            "id": "NGCtoXLnz",
            "type": "RECTANGLE",
            "tags": [
                "pomme de terre"
            ],
            "boundingBox": {
                "height": 197.12852112676057,
                "width": 621.3730569948186,
                "left": 374.3341159326425,
                "top": 136.47359154929578
            },
            "points": [
                {
                    "x": 374.3341159326425,
                    "y": 136.47359154929578
                },
                {
                    "x": 995.7071729274611,
                    "y": 136.47359154929578
                },
                {
                    "x": 995.7071729274611,
                    "y": 333.6021126760563
                },
                {
                    "x": 374.3341159326425,
                    "y": 333.6021126760563
                }
            ]
        }
    ],
    "version": "2.2.0"
}