{
    "asset": {
        "format": "jpg",
        "id": "2e61d2c1caf94872045d324c043a956b",
        "name": "fatira.jpg",
        "path": "file:/home/leo/Desktop/New%20Folder12/novo/fatira.jpg",
        "size": {
            "width": 1000,
            "height": 1000
        },
        "state": 2,
        "type": 1
    },
    "regions": [
        {
            "id": "4QxUoOSG8",
            "type": "POLYGON",
            "tags": [
                "pomme de terre",
                "tomate"
            ],
            "boundingBox": {
                "height": 357.39436619718305,
                "width": 540.4929577464789,
                "left": 145.24647887323943,
                "top": 183.09859154929578
            },
            "points": [
                {
                    "x": 145.24647887323943,
                    "y": 443.66197183098586
                },
                {
                    "x": 308.9788732394366,
                    "y": 258.80281690140845
                },
                {
                    "x": 530.8098591549295,
                    "y": 183.09859154929578
                },
                {
                    "x": 685.7394366197183,
                    "y": 262.3239436619718
                },
                {
                    "x": 511.44366197183103,
                    "y": 371.4788732394366
                },
                {
                    "x": 442.7816901408451,
                    "y": 501.7605633802817
                },
                {
                    "x": 351.2323943661972,
                    "y": 540.4929577464789
                },
                {
                    "x": 208.6267605633803,
                    "y": 515.8450704225353
                },
                {
                    "x": 147.00704225352112,
                    "y": 445.42253521126764
                }
            ]
        },
        {
            "id": "qEsUOasUp",
            "type": "POLYGON",
            "tags": [
                "tomate"
            ],
            "boundingBox": {
                "height": 242.95774647887325,
                "width": 246.47887323943664,
                "left": 539.612676056338,
                "top": 346.830985915493
            },
            "points": [
                {
                    "x": 782.5704225352113,
                    "y": 385.5633802816902
                },
                {
                    "x": 683.9788732394367,
                    "y": 346.830985915493
                },
                {
                    "x": 571.3028169014085,
                    "y": 362.67605633802816
                },
                {
                    "x": 539.612676056338,
                    "y": 477.11267605633805
                },
                {
                    "x": 602.9929577464789,
                    "y": 538.7323943661972
                },
                {
                    "x": 722.7112676056338,
                    "y": 589.7887323943662
                },
                {
                    "x": 747.3591549295775,
                    "y": 568.661971830986
                },
                {
                    "x": 786.0915492957747,
                    "y": 542.2535211267606
                },
                {
                    "x": 786.0915492957747,
                    "y": 484.1549295774648
                },
                {
                    "x": 780.8098591549297,
                    "y": 387.32394366197184
                }
            ]
        },
        {
            "id": "-Ew-SAq-f",
            "type": "POLYGON",
            "tags": [
                "viande seche"
            ],
            "boundingBox": {
                "height": 338.02816901408454,
                "width": 383.80281690140845,
                "left": 226.23239436619718,
                "top": 531.6901408450705
            },
            "points": [
                {
                    "x": 226.23239436619718,
                    "y": 561.6197183098592
                },
                {
                    "x": 293.13380281690144,
                    "y": 734.1549295774648
                },
                {
                    "x": 483.27464788732397,
                    "y": 869.7183098591549
                },
                {
                    "x": 608.274647887324,
                    "y": 781.6901408450705
                },
                {
                    "x": 610.0352112676056,
                    "y": 700.7042253521128
                },
                {
                    "x": 463.9084507042254,
                    "y": 531.6901408450705
                },
                {
                    "x": 226.23239436619718,
                    "y": 563.3802816901409
                }
            ]
        }
    ],
    "version": "2.2.0"
}