{
    "asset": {
        "format": "jpg",
        "id": "3243656013c85b41899b954fa97838a7",
        "name": "bajiyos-djibouti-beignets-de-legumes-sans-gluten.640x480.jpg",
        "path": "file:/home/leo/Desktop/New%20Folder12/novo/bajiyos-djibouti-beignets-de-legumes-sans-gluten.640x480.jpg",
        "size": {
            "width": 640,
            "height": 480
        },
        "state": 2,
        "type": 1
    },
    "regions": [
        {
            "id": "IEESUE89Q",
            "type": "RECTANGLE",
            "tags": [
                "epinard"
            ],
            "boundingBox": {
                "height": 76.05633802816901,
                "width": 203.60634081902242,
                "left": 307.886393659181,
                "top": 320.28169014084506
            },
            "points": [
                {
                    "x": 307.886393659181,
                    "y": 320.28169014084506
                },
                {
                    "x": 511.49273447820343,
                    "y": 320.28169014084506
                },
                {
                    "x": 511.49273447820343,
                    "y": 396.3380281690141
                },
                {
                    "x": 307.886393659181,
                    "y": 396.3380281690141
                }
            ]
        },
        {
            "id": "gXCE58Ulz",
            "type": "RECTANGLE",
            "tags": [
                "epinard"
            ],
            "boundingBox": {
                "height": 86.19718309859155,
                "width": 35.508586525759576,
                "left": 225.87846763540293,
                "top": 76.05633802816901
            },
            "points": [
                {
                    "x": 225.87846763540293,
                    "y": 76.05633802816901
                },
                {
                    "x": 261.3870541611625,
                    "y": 76.05633802816901
                },
                {
                    "x": 261.3870541611625,
                    "y": 162.25352112676057
                },
                {
                    "x": 225.87846763540293,
                    "y": 162.25352112676057
                }
            ]
        },
        {
            "id": "4hN4D7180",
            "type": "RECTANGLE",
            "tags": [
                "epinard"
            ],
            "boundingBox": {
                "height": 49.859154929577464,
                "width": 24.51783355350066,
                "left": 282.52311756935273,
                "top": 0
            },
            "points": [
                {
                    "x": 282.52311756935273,
                    "y": 0
                },
                {
                    "x": 307.04095112285336,
                    "y": 0
                },
                {
                    "x": 307.04095112285336,
                    "y": 49.859154929577464
                },
                {
                    "x": 282.52311756935273,
                    "y": 49.859154929577464
                }
            ]
        },
        {
            "id": "d_D4KOguq",
            "type": "RECTANGLE",
            "tags": [
                "epinard",
                "oignons"
            ],
            "boundingBox": {
                "height": 41.40845070422535,
                "width": 47.3447820343461,
                "left": 491.34742404227217,
                "top": 71.83098591549296
            },
            "points": [
                {
                    "x": 491.34742404227217,
                    "y": 71.83098591549296
                },
                {
                    "x": 538.6922060766183,
                    "y": 71.83098591549296
                },
                {
                    "x": 538.6922060766183,
                    "y": 113.2394366197183
                },
                {
                    "x": 491.34742404227217,
                    "y": 113.2394366197183
                }
            ]
        },
        {
            "id": "3s7qSGK38",
            "type": "RECTANGLE",
            "tags": [
                "oignons"
            ],
            "boundingBox": {
                "height": 267.88732394366195,
                "width": 134.28005284015848,
                "left": 281.67767503302514,
                "top": 44.7887323943662
            },
            "points": [
                {
                    "x": 281.67767503302514,
                    "y": 44.7887323943662
                },
                {
                    "x": 415.9577278731836,
                    "y": 44.7887323943662
                },
                {
                    "x": 415.9577278731836,
                    "y": 312.67605633802816
                },
                {
                    "x": 281.67767503302514,
                    "y": 312.67605633802816
                }
            ]
        },
        {
            "id": "nhl-pl7Pe",
            "type": "RECTANGLE",
            "tags": [
                "oignons"
            ],
            "boundingBox": {
                "height": 207.88732394366195,
                "width": 142.0343461030383,
                "left": 116.81638044914135,
                "top": 182.53521126760563
            },
            "points": [
                {
                    "x": 116.81638044914135,
                    "y": 182.53521126760563
                },
                {
                    "x": 258.85072655217965,
                    "y": 182.53521126760563
                },
                {
                    "x": 258.85072655217965,
                    "y": 390.4225352112676
                },
                {
                    "x": 116.81638044914135,
                    "y": 390.4225352112676
                }
            ]
        },
        {
            "id": "9qc-zS4r2",
            "type": "RECTANGLE",
            "tags": [
                "oignons"
            ],
            "boundingBox": {
                "height": 165.6338028169014,
                "width": 43.96301188903567,
                "left": 546.3011889035668,
                "top": 204.50704225352112
            },
            "points": [
                {
                    "x": 546.3011889035668,
                    "y": 204.50704225352112
                },
                {
                    "x": 590.2642007926024,
                    "y": 204.50704225352112
                },
                {
                    "x": 590.2642007926024,
                    "y": 370.14084507042253
                },
                {
                    "x": 546.3011889035668,
                    "y": 370.14084507042253
                }
            ]
        }
    ],
    "version": "2.2.0"
}