{
    "asset": {
        "format": "jpg",
        "id": "3a5efe1c9521b1f6eb9ecacf60475f1a",
        "name": "shakshuka.jpg",
        "path": "file:/home/leo/Desktop/New%20Folder12/novo/shakshuka.jpg",
        "size": {
            "width": 390,
            "height": 280
        },
        "state": 2,
        "type": 1
    },
    "regions": [
        {
            "id": "icGXX8W--",
            "type": "RECTANGLE",
            "tags": [
                "sauce tomate viande achee"
            ],
            "boundingBox": {
                "height": 125.70422535211267,
                "width": 195.73957016434892,
                "left": 98.64787452591656,
                "top": 78.38028169014085
            },
            "points": [
                {
                    "x": 98.64787452591656,
                    "y": 78.38028169014085
                },
                {
                    "x": 294.3874446902655,
                    "y": 78.38028169014085
                },
                {
                    "x": 294.3874446902655,
                    "y": 204.08450704225353
                },
                {
                    "x": 98.64787452591656,
                    "y": 204.08450704225353
                }
            ]
        },
        {
            "id": "6Hrhlzb8e",
            "type": "RECTANGLE",
            "tags": [
                "pomme de terre"
            ],
            "boundingBox": {
                "height": 64.5774647887324,
                "width": 138.5076248419722,
                "left": 219.93738147914033,
                "top": 49.29577464788733
            },
            "points": [
                {
                    "x": 219.93738147914033,
                    "y": 49.29577464788733
                },
                {
                    "x": 358.44500632111254,
                    "y": 49.29577464788733
                },
                {
                    "x": 358.44500632111254,
                    "y": 113.87323943661973
                },
                {
                    "x": 219.93738147914033,
                    "y": 113.87323943661973
                }
            ]
        }
    ],
    "version": "2.2.0"
}