{
    "asset": {
        "format": "jpg",
        "id": "4004e4edf60210db6ea600fb557abab3",
        "name": "oeuf-salade-de-l%C3%A9gumes.jpg",
        "path": "file:/home/leo/Desktop/New%20Folder12/novo/oeuf-salade-de-l%C3%A9gumes.jpg",
        "size": {
            "width": 1300,
            "height": 866
        },
        "state": 2,
        "type": 1
    },
    "regions": [
        {
            "id": "PgD7MM1qw",
            "type": "RECTANGLE",
            "tags": [
                "oeuf"
            ],
            "boundingBox": {
                "height": 385.73591549295776,
                "width": 640.0937866354045,
                "left": 289.3042936694021,
                "top": 277.48591549295776
            },
            "points": [
                {
                    "x": 289.3042936694021,
                    "y": 277.48591549295776
                },
                {
                    "x": 929.3980803048066,
                    "y": 277.48591549295776
                },
                {
                    "x": 929.3980803048066,
                    "y": 663.2218309859155
                },
                {
                    "x": 289.3042936694021,
                    "y": 663.2218309859155
                }
            ]
        },
        {
            "id": "VvMKadfiM",
            "type": "RECTANGLE",
            "tags": [
                "viande"
            ],
            "boundingBox": {
                "height": 378.11267605633805,
                "width": 242.32121922626027,
                "left": 1019.3160169988276,
                "top": 248.51760563380282
            },
            "points": [
                {
                    "x": 1019.3160169988276,
                    "y": 248.51760563380282
                },
                {
                    "x": 1261.637236225088,
                    "y": 248.51760563380282
                },
                {
                    "x": 1261.637236225088,
                    "y": 626.6302816901409
                },
                {
                    "x": 1019.3160169988276,
                    "y": 626.6302816901409
                }
            ]
        },
        {
            "id": "Z50MemcWi",
            "type": "RECTANGLE",
            "tags": [
                "epinard"
            ],
            "boundingBox": {
                "height": 224.12323943661974,
                "width": 553.4858587338805,
                "left": 298.4484906213365,
                "top": 47.264084507042256
            },
            "points": [
                {
                    "x": 298.4484906213365,
                    "y": 47.264084507042256
                },
                {
                    "x": 851.9343493552169,
                    "y": 47.264084507042256
                },
                {
                    "x": 851.9343493552169,
                    "y": 271.387323943662
                },
                {
                    "x": 298.4484906213365,
                    "y": 271.387323943662
                }
            ]
        },
        {
            "id": "wTBVBZDdG",
            "type": "RECTANGLE",
            "tags": [
                "tomate"
            ],
            "boundingBox": {
                "height": 169.23591549295776,
                "width": 237.7491207502931,
                "left": 962.9268024618992,
                "top": 53.36267605633803
            },
            "points": [
                {
                    "x": 962.9268024618992,
                    "y": 53.36267605633803
                },
                {
                    "x": 1200.6759232121924,
                    "y": 53.36267605633803
                },
                {
                    "x": 1200.6759232121924,
                    "y": 222.59859154929578
                },
                {
                    "x": 962.9268024618992,
                    "y": 222.59859154929578
                }
            ]
        }
    ],
    "version": "2.2.0"
}