{
    "asset": {
        "format": "jpg",
        "id": "4180aed40891f902fb01d6beacd3cad0",
        "name": "soupe-ora.jpg",
        "path": "file:/home/leo/Desktop/New%20Folder12/novo/soupe-ora.jpg",
        "size": {
            "width": 1300,
            "height": 893
        },
        "state": 2,
        "type": 1
    },
    "regions": [
        {
            "id": "m8KSro5ln",
            "type": "RECTANGLE",
            "tags": [
                "bouillont de viande"
            ],
            "boundingBox": {
                "height": 510.9595070422535,
                "width": 1032.7690447400241,
                "left": 251.4378022974607,
                "top": 171.36795774647888
            },
            "points": [
                {
                    "x": 251.4378022974607,
                    "y": 171.36795774647888
                },
                {
                    "x": 1284.206847037485,
                    "y": 171.36795774647888
                },
                {
                    "x": 1284.206847037485,
                    "y": 682.3274647887324
                },
                {
                    "x": 251.4378022974607,
                    "y": 682.3274647887324
                }
            ]
        }
    ],
    "version": "2.2.0"
}