{
    "asset": {
        "format": "jpg",
        "id": "51ad2b0a7e2c0c3bbaad93fc9e3496ca",
        "name": "viande%20hach%C3%A9e%20banane.jpg",
        "path": "file:/home/leo/Desktop/New%20Folder12/novo/viande%20hach%C3%A9e%20banane.jpg",
        "size": {
            "width": 2448,
            "height": 2448
        },
        "state": 2,
        "type": 1
    },
    "regions": [
        {
            "id": "AHtKmsROV",
            "type": "RECTANGLE",
            "tags": [
                "tomate"
            ],
            "boundingBox": {
                "height": 564.5915492957746,
                "width": 405.12676056338023,
                "left": 1161.507042253521,
                "top": 1249.8591549295772
            },
            "points": [
                {
                    "x": 1161.507042253521,
                    "y": 1249.8591549295772
                },
                {
                    "x": 1566.6338028169012,
                    "y": 1249.8591549295772
                },
                {
                    "x": 1566.6338028169012,
                    "y": 1814.450704225352
                },
                {
                    "x": 1161.507042253521,
                    "y": 1814.450704225352
                }
            ]
        },
        {
            "id": "iHZ9-H43r",
            "type": "RECTANGLE",
            "tags": [
                "chou"
            ],
            "boundingBox": {
                "height": 439.60563380281684,
                "width": 1142.112676056338,
                "left": 1174.4366197183097,
                "top": 1883.408450704225
            },
            "points": [
                {
                    "x": 1174.4366197183097,
                    "y": 1883.408450704225
                },
                {
                    "x": 2316.549295774648,
                    "y": 1883.408450704225
                },
                {
                    "x": 2316.549295774648,
                    "y": 2323.014084507042
                },
                {
                    "x": 1174.4366197183097,
                    "y": 2323.014084507042
                }
            ]
        },
        {
            "id": "mwjVPNqCQ",
            "type": "RECTANGLE",
            "tags": [
                "champignon"
            ],
            "boundingBox": {
                "height": 258.5915492957746,
                "width": 435.2957746478873,
                "left": 402.97183098591546,
                "top": 767.1549295774647
            },
            "points": [
                {
                    "x": 402.97183098591546,
                    "y": 767.1549295774647
                },
                {
                    "x": 838.2676056338028,
                    "y": 767.1549295774647
                },
                {
                    "x": 838.2676056338028,
                    "y": 1025.7464788732393
                },
                {
                    "x": 402.97183098591546,
                    "y": 1025.7464788732393
                }
            ]
        },
        {
            "id": "LkCYbCXVc",
            "type": "RECTANGLE",
            "tags": [
                "champignon"
            ],
            "boundingBox": {
                "height": 379.26760563380276,
                "width": 301.6901408450704,
                "left": 1592.4929577464786,
                "top": 736.9859154929577
            },
            "points": [
                {
                    "x": 1592.4929577464786,
                    "y": 736.9859154929577
                },
                {
                    "x": 1894.1830985915492,
                    "y": 736.9859154929577
                },
                {
                    "x": 1894.1830985915492,
                    "y": 1116.2535211267605
                },
                {
                    "x": 1592.4929577464786,
                    "y": 1116.2535211267605
                }
            ]
        },
        {
            "id": "-krroRnFN",
            "type": "RECTANGLE",
            "tags": [
                "champignon"
            ],
            "boundingBox": {
                "height": 254.28169014084506,
                "width": 362.0281690140845,
                "left": 739.1408450704224,
                "top": 1236.9295774647885
            },
            "points": [
                {
                    "x": 739.1408450704224,
                    "y": 1236.9295774647885
                },
                {
                    "x": 1101.169014084507,
                    "y": 1236.9295774647885
                },
                {
                    "x": 1101.169014084507,
                    "y": 1491.2112676056336
                },
                {
                    "x": 739.1408450704224,
                    "y": 1491.2112676056336
                }
            ]
        },
        {
            "id": "Ri-_DS9m2",
            "type": "RECTANGLE",
            "tags": [
                "viande seche"
            ],
            "boundingBox": {
                "height": 892.1408450704224,
                "width": 1698.0845070422533,
                "left": 355.5633802816901,
                "top": 323.2394366197183
            },
            "points": [
                {
                    "x": 355.5633802816901,
                    "y": 323.2394366197183
                },
                {
                    "x": 2053.6478873239435,
                    "y": 323.2394366197183
                },
                {
                    "x": 2053.6478873239435,
                    "y": 1215.3802816901407
                },
                {
                    "x": 355.5633802816901,
                    "y": 1215.3802816901407
                }
            ]
        }
    ],
    "version": "2.2.0"
}