{
    "asset": {
        "format": "jpg",
        "id": "579c74c6eccb1b331e8309df54dfb626",
        "name": "couscous-viande.jpg",
        "path": "file:/home/leo/Desktop/New%20Folder12/novo/couscous-viande.jpg",
        "size": {
            "width": 390,
            "height": 280
        },
        "state": 2,
        "type": 1
    },
    "regions": [
        {
            "id": "fdgrwNL5R",
            "type": "RECTANGLE",
            "tags": [
                "viande"
            ],
            "boundingBox": {
                "height": 75.91549295774648,
                "width": 51.276864728192166,
                "left": 182.95887326169407,
                "top": 37.46478873239437
            },
            "points": [
                {
                    "x": 182.95887326169407,
                    "y": 37.46478873239437
                },
                {
                    "x": 234.23573798988622,
                    "y": 37.46478873239437
                },
                {
                    "x": 234.23573798988622,
                    "y": 113.38028169014085
                },
                {
                    "x": 182.95887326169407,
                    "y": 113.38028169014085
                }
            ]
        },
        {
            "id": "4nOkTsnsR",
            "type": "RECTANGLE",
            "tags": [
                "riz"
            ],
            "boundingBox": {
                "height": 98.09859154929578,
                "width": 270.6826801517067,
                "left": 81.88428413400759,
                "top": 80.35211267605634
            },
            "points": [
                {
                    "x": 81.88428413400759,
                    "y": 80.35211267605634
                },
                {
                    "x": 352.5669642857143,
                    "y": 80.35211267605634
                },
                {
                    "x": 352.5669642857143,
                    "y": 178.45070422535213
                },
                {
                    "x": 81.88428413400759,
                    "y": 178.45070422535213
                }
            ]
        }
    ],
    "version": "2.2.0"
}