{
    "asset": {
        "format": "jpg",
        "id": "5d9af9a11fdd2c4fe5bba3a25745228a",
        "name": "salade-de-l%C3%A9gumes.jpg",
        "path": "file:/home/leo/Desktop/New%20Folder12/novo/salade-de-l%C3%A9gumes.jpg",
        "size": {
            "width": 1300,
            "height": 866
        },
        "state": 2,
        "type": 1
    },
    "regions": [
        {
            "id": "MRY8QCudj",
            "type": "RECTANGLE",
            "tags": [
                "salade de legume"
            ],
            "boundingBox": {
                "height": 791.2922535211268,
                "width": 769.6365767878077,
                "left": 309.1167203985932,
                "top": 42.690140845070424
            },
            "points": [
                {
                    "x": 309.1167203985932,
                    "y": 42.690140845070424
                },
                {
                    "x": 1078.753297186401,
                    "y": 42.690140845070424
                },
                {
                    "x": 1078.753297186401,
                    "y": 833.9823943661972
                },
                {
                    "x": 309.1167203985932,
                    "y": 833.9823943661972
                }
            ]
        }
    ],
    "version": "2.2.0"
}