{
    "asset": {
        "format": "jpg",
        "id": "66619a2a52958267ab6460acd0d21e4f",
        "name": "riz-viande.jpg",
        "path": "file:/home/leo/Desktop/New%20Folder12/novo/riz-viande.jpg",
        "size": {
            "width": 390,
            "height": 280
        },
        "state": 2,
        "type": 1
    },
    "regions": [
        {
            "id": "qRpAbgg3i",
            "type": "RECTANGLE",
            "tags": [
                "pomme de terre"
            ],
            "boundingBox": {
                "height": 76.40845070422536,
                "width": 84.80404551201012,
                "left": 220.92347503160556,
                "top": 98.59154929577466
            },
            "points": [
                {
                    "x": 220.92347503160556,
                    "y": 98.59154929577466
                },
                {
                    "x": 305.7275205436157,
                    "y": 98.59154929577466
                },
                {
                    "x": 305.7275205436157,
                    "y": 175
                },
                {
                    "x": 220.92347503160556,
                    "y": 175
                }
            ]
        },
        {
            "id": "sl2spc8pP",
            "type": "RECTANGLE",
            "tags": [
                "mais"
            ],
            "boundingBox": {
                "height": 69.50704225352113,
                "width": 52.75600505689001,
                "left": 83.36342446270544,
                "top": 70
            },
            "points": [
                {
                    "x": 83.36342446270544,
                    "y": 70
                },
                {
                    "x": 136.11942951959546,
                    "y": 70
                },
                {
                    "x": 136.11942951959546,
                    "y": 139.50704225352112
                },
                {
                    "x": 83.36342446270544,
                    "y": 139.50704225352112
                }
            ]
        },
        {
            "id": "FjhgWXJub",
            "type": "RECTANGLE",
            "tags": [
                "chou"
            ],
            "boundingBox": {
                "height": 46.33802816901409,
                "width": 47.33249051833123,
                "left": 261.8463574589128,
                "top": 50.774647887323944
            },
            "points": [
                {
                    "x": 261.8463574589128,
                    "y": 50.774647887323944
                },
                {
                    "x": 309.178847977244,
                    "y": 50.774647887323944
                },
                {
                    "x": 309.178847977244,
                    "y": 97.11267605633803
                },
                {
                    "x": 261.8463574589128,
                    "y": 97.11267605633803
                }
            ]
        },
        {
            "id": "RUYLqLDja",
            "type": "RECTANGLE",
            "tags": [
                "sauce tomate viande achee"
            ],
            "boundingBox": {
                "height": 140,
                "width": 64.58912768647282,
                "left": 146.4734118204804,
                "top": 47.32394366197183
            },
            "points": [
                {
                    "x": 146.4734118204804,
                    "y": 47.32394366197183
                },
                {
                    "x": 211.06253950695321,
                    "y": 47.32394366197183
                },
                {
                    "x": 211.06253950695321,
                    "y": 187.32394366197184
                },
                {
                    "x": 146.4734118204804,
                    "y": 187.32394366197184
                }
            ]
        }
    ],
    "version": "2.2.0"
}