{
    "asset": {
        "format": "jpg",
        "id": "69a8093636e9d222737c13a13b8812d1",
        "name": "salade-de-l-gumes.jpg",
        "path": "file:/home/leo/Desktop/New%20Folder12/novo/salade-de-l-gumes.jpg",
        "size": {
            "width": 866,
            "height": 1300
        },
        "state": 2,
        "type": 1
    },
    "regions": [
        {
            "id": "dV32A_d0z",
            "type": "RECTANGLE",
            "tags": [
                "macaroni"
            ],
            "boundingBox": {
                "height": 572.1830985915493,
                "width": 329.9047619047619,
                "left": 290.2775297619048,
                "top": 350.17605633802816
            },
            "points": [
                {
                    "x": 290.2775297619048,
                    "y": 350.17605633802816
                },
                {
                    "x": 620.1822916666667,
                    "y": 350.17605633802816
                },
                {
                    "x": 620.1822916666667,
                    "y": 922.3591549295772
                },
                {
                    "x": 290.2775297619048,
                    "y": 922.3591549295772
                }
            ]
        },
        {
            "id": "--Ip-zoby",
            "type": "RECTANGLE",
            "tags": [
                "tomate"
            ],
            "boundingBox": {
                "height": 180.80985915492957,
                "width": 162.66137566137567,
                "left": 226.12938161375664,
                "top": 128.16901408450704
            },
            "points": [
                {
                    "x": 226.12938161375664,
                    "y": 128.16901408450704
                },
                {
                    "x": 388.7907572751323,
                    "y": 128.16901408450704
                },
                {
                    "x": 388.7907572751323,
                    "y": 308.9788732394366
                },
                {
                    "x": 226.12938161375664,
                    "y": 308.9788732394366
                }
            ]
        },
        {
            "id": "XZ8p2yAeW",
            "type": "RECTANGLE",
            "tags": [
                "tomate"
            ],
            "boundingBox": {
                "height": 249.4718309859155,
                "width": 203.8994708994709,
                "left": 643.0923445767196,
                "top": 620.2464788732394
            },
            "points": [
                {
                    "x": 643.0923445767196,
                    "y": 620.2464788732394
                },
                {
                    "x": 846.9918154761905,
                    "y": 620.2464788732394
                },
                {
                    "x": 846.9918154761905,
                    "y": 869.7183098591548
                },
                {
                    "x": 643.0923445767196,
                    "y": 869.7183098591548
                }
            ]
        },
        {
            "id": "xy3ELYpnY",
            "type": "RECTANGLE",
            "tags": [
                "tomate"
            ],
            "boundingBox": {
                "height": 183.09859154929575,
                "width": 242.84656084656086,
                "left": 8.483878968253968,
                "top": 682.0422535211267
            },
            "points": [
                {
                    "x": 8.483878968253968,
                    "y": 682.0422535211267
                },
                {
                    "x": 251.33043981481484,
                    "y": 682.0422535211267
                },
                {
                    "x": 251.33043981481484,
                    "y": 865.1408450704225
                },
                {
                    "x": 8.483878968253968,
                    "y": 865.1408450704225
                }
            ]
        },
        {
            "id": "GJvCzpRzG",
            "type": "RECTANGLE",
            "tags": [
                "tomate"
            ],
            "boundingBox": {
                "height": 199.11971830985914,
                "width": 203.8994708994709,
                "left": 233.0023974867725,
                "top": 862.8521126760563
            },
            "points": [
                {
                    "x": 233.0023974867725,
                    "y": 862.8521126760563
                },
                {
                    "x": 436.9018683862434,
                    "y": 862.8521126760563
                },
                {
                    "x": 436.9018683862434,
                    "y": 1061.9718309859154
                },
                {
                    "x": 233.0023974867725,
                    "y": 1061.9718309859154
                }
            ]
        }
    ],
    "version": "2.2.0"
}