{
    "asset": {
        "format": "jpg",
        "id": "752c4c3adc107f1b95e0b5340db24a9a",
        "name": "poulet%20%C3%A9pic%C3%A9%20de%20djibouti.jpg",
        "path": "file:/home/leo/Desktop/New%20Folder12/novo/poulet%20%C3%A9pic%C3%A9%20de%20djibouti.jpg",
        "size": {
            "width": 800,
            "height": 465
        },
        "state": 2,
        "type": 1
    },
    "regions": [
        {
            "id": "jUpomSVx_",
            "type": "RECTANGLE",
            "tags": [
                "epinard"
            ],
            "boundingBox": {
                "height": 84.95192307692308,
                "width": 75.97765363128491,
                "left": 293.18435754189943,
                "top": 126.18434495192308
            },
            "points": [
                {
                    "x": 293.18435754189943,
                    "y": 126.18434495192308
                },
                {
                    "x": 369.16201117318434,
                    "y": 126.18434495192308
                },
                {
                    "x": 369.16201117318434,
                    "y": 211.13626802884616
                },
                {
                    "x": 293.18435754189943,
                    "y": 211.13626802884616
                }
            ]
        },
        {
            "id": "rNSV_csa6",
            "type": "RECTANGLE",
            "tags": [
                "viande"
            ],
            "boundingBox": {
                "height": 233.39423076923077,
                "width": 435.30726256983235,
                "left": 160,
                "top": 99.357421875
            },
            "points": [
                {
                    "x": 160,
                    "y": 99.357421875
                },
                {
                    "x": 595.3072625698322,
                    "y": 99.357421875
                },
                {
                    "x": 595.3072625698322,
                    "y": 332.7516526442308
                },
                {
                    "x": 160,
                    "y": 332.7516526442308
                }
            ]
        }
    ],
    "version": "2.2.0"
}