{
    "asset": {
        "format": "jpg",
        "id": "75b60776bc2ceaad4c1ab6f39fb67855",
        "name": "hungarian.jpg",
        "path": "file:/home/leo/Desktop/New%20Folder12/novo/hungarian.jpg",
        "size": {
            "width": 389,
            "height": 280
        },
        "state": 2,
        "type": 1
    },
    "regions": [
        {
            "id": "BVSXHgcy_",
            "type": "RECTANGLE",
            "tags": [
                "percile"
            ],
            "boundingBox": {
                "height": 35.49295774647887,
                "width": 27.11660329531052,
                "left": 195.76338719898607,
                "top": 128.66197183098592
            },
            "points": [
                {
                    "x": 195.76338719898607,
                    "y": 128.66197183098592
                },
                {
                    "x": 222.87999049429658,
                    "y": 128.66197183098592
                },
                {
                    "x": 222.87999049429658,
                    "y": 164.1549295774648
                },
                {
                    "x": 195.76338719898607,
                    "y": 164.1549295774648
                }
            ]
        },
        {
            "id": "5oxiM958a",
            "type": "RECTANGLE",
            "tags": [
                "tomate"
            ],
            "boundingBox": {
                "height": 28.591549295774648,
                "width": 23.665399239543728,
                "left": 144.488355513308,
                "top": 108.45070422535211
            },
            "points": [
                {
                    "x": 144.488355513308,
                    "y": 108.45070422535211
                },
                {
                    "x": 168.1537547528517,
                    "y": 108.45070422535211
                },
                {
                    "x": 168.1537547528517,
                    "y": 137.04225352112675
                },
                {
                    "x": 144.488355513308,
                    "y": 137.04225352112675
                }
            ]
        },
        {
            "id": "p-P4Uq1YE",
            "type": "RECTANGLE",
            "tags": [
                "carrotte"
            ],
            "boundingBox": {
                "height": 18.23943661971831,
                "width": 17.749049429657795,
                "left": 296.83436311787074,
                "top": 75.4225352112676
            },
            "points": [
                {
                    "x": 296.83436311787074,
                    "y": 75.4225352112676
                },
                {
                    "x": 314.58341254752855,
                    "y": 75.4225352112676
                },
                {
                    "x": 314.58341254752855,
                    "y": 93.66197183098592
                },
                {
                    "x": 296.83436311787074,
                    "y": 93.66197183098592
                }
            ]
        },
        {
            "id": "b8lp-Hpia",
            "type": "RECTANGLE",
            "tags": [
                "tomate"
            ],
            "boundingBox": {
                "height": 26.619718309859156,
                "width": 39.442332065906214,
                "left": 142.51623891001267,
                "top": 38.45070422535211
            },
            "points": [
                {
                    "x": 142.51623891001267,
                    "y": 38.45070422535211
                },
                {
                    "x": 181.9585709759189,
                    "y": 38.45070422535211
                },
                {
                    "x": 181.9585709759189,
                    "y": 65.07042253521126
                },
                {
                    "x": 142.51623891001267,
                    "y": 65.07042253521126
                }
            ]
        },
        {
            "id": "lGFVvYqEx",
            "type": "RECTANGLE",
            "tags": [
                "carrotte"
            ],
            "boundingBox": {
                "height": 24.154929577464788,
                "width": 29.581749049429657,
                "left": 247.03841888466414,
                "top": 149.85915492957747
            },
            "points": [
                {
                    "x": 247.03841888466414,
                    "y": 149.85915492957747
                },
                {
                    "x": 276.6201679340938,
                    "y": 149.85915492957747
                },
                {
                    "x": 276.6201679340938,
                    "y": 174.01408450704227
                },
                {
                    "x": 247.03841888466414,
                    "y": 174.01408450704227
                }
            ]
        },
        {
            "id": "wZJtpdIXt",
            "type": "RECTANGLE",
            "tags": [
                "carrotte"
            ],
            "boundingBox": {
                "height": 29.577464788732396,
                "width": 23.172370088719898,
                "left": 197.24247465145754,
                "top": 56.690140845070424
            },
            "points": [
                {
                    "x": 197.24247465145754,
                    "y": 56.690140845070424
                },
                {
                    "x": 220.41484474017744,
                    "y": 56.690140845070424
                },
                {
                    "x": 220.41484474017744,
                    "y": 86.26760563380282
                },
                {
                    "x": 197.24247465145754,
                    "y": 86.26760563380282
                }
            ]
        },
        {
            "id": "Y3OQtDHvW",
            "type": "RECTANGLE",
            "tags": [
                "tomate"
            ],
            "boundingBox": {
                "height": 33.028169014084504,
                "width": 35.99112801013942,
                "left": 74.97124524714829,
                "top": 143.45070422535213
            },
            "points": [
                {
                    "x": 74.97124524714829,
                    "y": 143.45070422535213
                },
                {
                    "x": 110.96237325728771,
                    "y": 143.45070422535213
                },
                {
                    "x": 110.96237325728771,
                    "y": 176.4788732394366
                },
                {
                    "x": 74.97124524714829,
                    "y": 176.4788732394366
                }
            ]
        },
        {
            "id": "MIerddpLf",
            "type": "RECTANGLE",
            "tags": [
                "bouillont de viande"
            ],
            "boundingBox": {
                "height": 188.30985915492957,
                "width": 175.0253485424588,
                "left": 108.49722750316857,
                "top": 29.577464788732396
            },
            "points": [
                {
                    "x": 108.49722750316857,
                    "y": 29.577464788732396
                },
                {
                    "x": 283.5225760456274,
                    "y": 29.577464788732396
                },
                {
                    "x": 283.5225760456274,
                    "y": 217.88732394366198
                },
                {
                    "x": 108.49722750316857,
                    "y": 217.88732394366198
                }
            ]
        }
    ],
    "version": "2.2.0"
}