{
    "asset": {
        "format": "jpg",
        "id": "7f72a193ea081bc2358ebf21a5ffbd57",
        "name": "kebda.jpg",
        "path": "file:/home/leo/Desktop/New%20Folder12/novo/kebda.jpg",
        "size": {
            "width": 600,
            "height": 450
        },
        "state": 2,
        "type": 1
    },
    "regions": [
        {
            "id": "icrG-775Z",
            "type": "RECTANGLE",
            "tags": [
                "poivron"
            ],
            "boundingBox": {
                "height": 148.943661971831,
                "width": 122.85336856010568,
                "left": 310.83636063408187,
                "top": 179.84154929577466
            },
            "points": [
                {
                    "x": 310.83636063408187,
                    "y": 179.84154929577466
                },
                {
                    "x": 433.6897291941876,
                    "y": 179.84154929577466
                },
                {
                    "x": 433.6897291941876,
                    "y": 328.78521126760563
                },
                {
                    "x": 310.83636063408187,
                    "y": 328.78521126760563
                }
            ]
        },
        {
            "id": "lkjdVvlv9",
            "type": "RECTANGLE",
            "tags": [
                "viande"
            ],
            "boundingBox": {
                "height": 422.2711267605634,
                "width": 434.3461030383091,
                "left": 148.35287318361955,
                "top": 21.390845070422536
            },
            "points": [
                {
                    "x": 148.35287318361955,
                    "y": 21.390845070422536
                },
                {
                    "x": 582.6989762219287,
                    "y": 21.390845070422536
                },
                {
                    "x": 582.6989762219287,
                    "y": 443.6619718309859
                },
                {
                    "x": 148.35287318361955,
                    "y": 443.6619718309859
                }
            ]
        }
    ],
    "version": "2.2.0"
}