{
    "asset": {
        "format": "jpg",
        "id": "81d7c288a8ec2251413bcdba770c9dfa",
        "name": "riz-jollof.jpg",
        "path": "file:/home/leo/Desktop/New%20Folder12/novo/riz-jollof.jpg",
        "size": {
            "width": 1300,
            "height": 867
        },
        "state": 2,
        "type": 1
    },
    "regions": [
        {
            "id": "uS3Olvz4T",
            "type": "RECTANGLE",
            "tags": [
                "riz sauce tomate"
            ],
            "boundingBox": {
                "height": 303.7552816901408,
                "width": 479.1079812206573,
                "left": 378.9282570422535,
                "top": 308.33450704225345
            },
            "points": [
                {
                    "x": 378.9282570422535,
                    "y": 308.33450704225345
                },
                {
                    "x": 858.0362382629108,
                    "y": 308.33450704225345
                },
                {
                    "x": 858.0362382629108,
                    "y": 612.0897887323943
                },
                {
                    "x": 378.9282570422535,
                    "y": 612.0897887323943
                }
            ]
        },
        {
            "id": "C3PW9nuxj",
            "type": "RECTANGLE",
            "tags": [
                "percile"
            ],
            "boundingBox": {
                "height": 94.63732394366197,
                "width": 296.00938967136153,
                "left": 458.27098004694835,
                "top": 215.22359154929578
            },
            "points": [
                {
                    "x": 458.27098004694835,
                    "y": 215.22359154929578
                },
                {
                    "x": 754.2803697183099,
                    "y": 215.22359154929578
                },
                {
                    "x": 754.2803697183099,
                    "y": 309.8609154929577
                },
                {
                    "x": 458.27098004694835,
                    "y": 309.8609154929577
                }
            ]
        }
    ],
    "version": "2.2.0"
}