{
    "asset": {
        "format": "jpg",
        "id": "8cc902f8ff27a6986c5c54bd73af0e46",
        "name": "oeuf-brouill%C3%A9s-de-salade-de-l%C3%A9gumes.jpg",
        "path": "file:/home/leo/Desktop/New%20Folder12/novo/oeuf-brouill%C3%A9s-de-salade-de-l%C3%A9gumes.jpg",
        "size": {
            "width": 866,
            "height": 1300
        },
        "state": 2,
        "type": 1
    },
    "regions": [
        {
            "id": "iUNc1SEpA",
            "type": "RECTANGLE",
            "tags": [
                "champignon"
            ],
            "boundingBox": {
                "height": 405.1056338028169,
                "width": 522.3492063492064,
                "left": 178.01827050264552,
                "top": 597.3591549295775
            },
            "points": [
                {
                    "x": 178.01827050264552,
                    "y": 597.3591549295775
                },
                {
                    "x": 700.3674768518518,
                    "y": 597.3591549295775
                },
                {
                    "x": 700.3674768518518,
                    "y": 1002.4647887323943
                },
                {
                    "x": 178.01827050264552,
                    "y": 1002.4647887323943
                }
            ]
        },
        {
            "id": "v5c75X17s",
            "type": "RECTANGLE",
            "tags": [
                "oignons"
            ],
            "boundingBox": {
                "height": 315.8450704225352,
                "width": 474.2380952380953,
                "left": 249.03943452380955,
                "top": 226.5845070422535
            },
            "points": [
                {
                    "x": 249.03943452380955,
                    "y": 226.5845070422535
                },
                {
                    "x": 723.2775297619048,
                    "y": 226.5845070422535
                },
                {
                    "x": 723.2775297619048,
                    "y": 542.4295774647887
                },
                {
                    "x": 249.03943452380955,
                    "y": 542.4295774647887
                }
            ]
        },
        {
            "id": "jWZm8Weqw",
            "type": "RECTANGLE",
            "tags": [
                "chou"
            ],
            "boundingBox": {
                "height": 320.4225352112676,
                "width": 183.2804232804233,
                "left": 29.10292658730159,
                "top": 212.85211267605632
            },
            "points": [
                {
                    "x": 29.10292658730159,
                    "y": 212.85211267605632
                },
                {
                    "x": 212.3833498677249,
                    "y": 212.85211267605632
                },
                {
                    "x": 212.3833498677249,
                    "y": 533.2746478873239
                },
                {
                    "x": 29.10292658730159,
                    "y": 533.2746478873239
                }
            ]
        }
    ],
    "version": "2.2.0"
}