{
    "asset": {
        "format": "jpg",
        "id": "8fc4e0a8899d0a417511511cba3358dd",
        "name": "yassine.jpg",
        "path": "file:/home/leo/Desktop/New%20Folder12/novo/yassine.jpg",
        "size": {
            "width": 1300,
            "height": 957
        },
        "state": 2,
        "type": 1
    },
    "regions": [
        {
            "id": "MKgHQVxlx",
            "type": "RECTANGLE",
            "tags": [
                "poulet"
            ],
            "boundingBox": {
                "height": 104.46126760563381,
                "width": 154.9222797927461,
                "left": 241.30302784974094,
                "top": 406.05105633802816
            },
            "points": [
                {
                    "x": 241.30302784974094,
                    "y": 406.05105633802816
                },
                {
                    "x": 396.22530764248705,
                    "y": 406.05105633802816
                },
                {
                    "x": 396.22530764248705,
                    "y": 510.51232394366195
                },
                {
                    "x": 241.30302784974094,
                    "y": 510.51232394366195
                }
            ]
        },
        {
            "id": "882pLmS46",
            "type": "RECTANGLE",
            "tags": [
                "poulet"
            ],
            "boundingBox": {
                "height": 156.69190140845072,
                "width": 190.28497409326425,
                "left": 894.6709034974093,
                "top": 326.86267605633805
            },
            "points": [
                {
                    "x": 894.6709034974093,
                    "y": 326.86267605633805
                },
                {
                    "x": 1084.9558775906735,
                    "y": 326.86267605633805
                },
                {
                    "x": 1084.9558775906735,
                    "y": 483.55457746478874
                },
                {
                    "x": 894.6709034974093,
                    "y": 483.55457746478874
                }
            ]
        },
        {
            "id": "SrjuJKvrI",
            "type": "RECTANGLE",
            "tags": [
                "poulet"
            ],
            "boundingBox": {
                "height": 180.2799295774648,
                "width": 126.29533678756476,
                "left": 771.743442357513,
                "top": 409.42077464788736
            },
            "points": [
                {
                    "x": 771.743442357513,
                    "y": 409.42077464788736
                },
                {
                    "x": 898.0387791450777,
                    "y": 409.42077464788736
                },
                {
                    "x": 898.0387791450777,
                    "y": 589.7007042253521
                },
                {
                    "x": 771.743442357513,
                    "y": 589.7007042253521
                }
            ]
        },
        {
            "id": "L6WThyx2v",
            "type": "RECTANGLE",
            "tags": [
                "poulet"
            ],
            "boundingBox": {
                "height": 126.36443661971832,
                "width": 101.03626943005182,
                "left": 482.10613665803106,
                "top": 495.3485915492958
            },
            "points": [
                {
                    "x": 482.10613665803106,
                    "y": 495.3485915492958
                },
                {
                    "x": 583.1424060880829,
                    "y": 495.3485915492958
                },
                {
                    "x": 583.1424060880829,
                    "y": 621.7130281690141
                },
                {
                    "x": 482.10613665803106,
                    "y": 621.7130281690141
                }
            ]
        },
        {
            "id": "muUGonYdQ",
            "type": "RECTANGLE",
            "tags": [
                "olive"
            ],
            "boundingBox": {
                "height": 139.84330985915494,
                "width": 40.41450777202073,
                "left": 470.3185718911917,
                "top": 278.0017605633803
            },
            "points": [
                {
                    "x": 470.3185718911917,
                    "y": 278.0017605633803
                },
                {
                    "x": 510.73307966321244,
                    "y": 278.0017605633803
                },
                {
                    "x": 510.73307966321244,
                    "y": 417.84507042253523
                },
                {
                    "x": 470.3185718911917,
                    "y": 417.84507042253523
                }
            ]
        },
        {
            "id": "DPrV5NaIK",
            "type": "RECTANGLE",
            "tags": [
                "olive"
            ],
            "boundingBox": {
                "height": 65.70950704225352,
                "width": 38.73056994818653,
                "left": 968.764167746114,
                "top": 534.1003521126761
            },
            "points": [
                {
                    "x": 968.764167746114,
                    "y": 534.1003521126761
                },
                {
                    "x": 1007.4947376943005,
                    "y": 534.1003521126761
                },
                {
                    "x": 1007.4947376943005,
                    "y": 599.8098591549295
                },
                {
                    "x": 968.764167746114,
                    "y": 599.8098591549295
                }
            ]
        }
    ],
    "version": "2.2.0"
}