{
    "asset": {
        "format": "jpg",
        "id": "91555e2759512d8ba74e88235195063a",
        "name": "kullunti%20saalo.jpg",
        "path": "file:/home/leo/Desktop/New%20Folder12/novo/kullunti%20saalo.jpg",
        "size": {
            "width": 1200,
            "height": 923
        },
        "state": 2,
        "type": 1
    },
    "regions": [
        {
            "id": "hvDrTCFQ6",
            "type": "RECTANGLE",
            "tags": [
                "oeuf"
            ],
            "boundingBox": {
                "height": 154.375,
                "width": 112.1951219512195,
                "left": 360.5436991869919,
                "top": 529.75
            },
            "points": [
                {
                    "x": 360.5436991869919,
                    "y": 529.75
                },
                {
                    "x": 472.7388211382114,
                    "y": 529.75
                },
                {
                    "x": 472.7388211382114,
                    "y": 684.125
                },
                {
                    "x": 360.5436991869919,
                    "y": 684.125
                }
            ]
        },
        {
            "id": "3nwl7c3JO",
            "type": "RECTANGLE",
            "tags": [
                "riz"
            ],
            "boundingBox": {
                "height": 284.375,
                "width": 178.86178861788616,
                "left": 331.275406504065,
                "top": 154.375
            },
            "points": [
                {
                    "x": 331.275406504065,
                    "y": 154.375
                },
                {
                    "x": 510.1371951219512,
                    "y": 154.375
                },
                {
                    "x": 510.1371951219512,
                    "y": 438.75
                },
                {
                    "x": 331.275406504065,
                    "y": 438.75
                }
            ]
        },
        {
            "id": "UnpnrVnS-",
            "type": "RECTANGLE",
            "tags": [
                "viande"
            ],
            "boundingBox": {
                "height": 147.875,
                "width": 273.1707317073171,
                "left": 677.6168699186992,
                "top": 269.75
            },
            "points": [
                {
                    "x": 677.6168699186992,
                    "y": 269.75
                },
                {
                    "x": 950.7876016260162,
                    "y": 269.75
                },
                {
                    "x": 950.7876016260162,
                    "y": 417.625
                },
                {
                    "x": 677.6168699186992,
                    "y": 417.625
                }
            ]
        },
        {
            "id": "MC4WMS5EF",
            "type": "RECTANGLE",
            "tags": [
                "chou"
            ],
            "boundingBox": {
                "height": 271.375,
                "width": 265.0406504065041,
                "left": 279.2428861788618,
                "top": 468
            },
            "points": [
                {
                    "x": 279.2428861788618,
                    "y": 468
                },
                {
                    "x": 544.2835365853658,
                    "y": 468
                },
                {
                    "x": 544.2835365853658,
                    "y": 739.375
                },
                {
                    "x": 279.2428861788618,
                    "y": 739.375
                }
            ]
        },
        {
            "id": "vbXVfZWE2",
            "type": "RECTANGLE",
            "tags": [
                "poissons"
            ],
            "boundingBox": {
                "height": 271.375,
                "width": 242.27642276422765,
                "left": 568.6737804878048,
                "top": 370.5
            },
            "points": [
                {
                    "x": 568.6737804878048,
                    "y": 370.5
                },
                {
                    "x": 810.9502032520325,
                    "y": 370.5
                },
                {
                    "x": 810.9502032520325,
                    "y": 641.875
                },
                {
                    "x": 568.6737804878048,
                    "y": 641.875
                }
            ]
        },
        {
            "id": "nyN8dmUQF",
            "type": "RECTANGLE",
            "tags": [
                "sauce epicee"
            ],
            "boundingBox": {
                "height": 138.125,
                "width": 117.07317073170731,
                "left": 578.4298780487804,
                "top": 682.5
            },
            "points": [
                {
                    "x": 578.4298780487804,
                    "y": 682.5
                },
                {
                    "x": 695.5030487804878,
                    "y": 682.5
                },
                {
                    "x": 695.5030487804878,
                    "y": 820.625
                },
                {
                    "x": 578.4298780487804,
                    "y": 820.625
                }
            ]
        }
    ],
    "version": "2.2.0"
}