{
    "asset": {
        "format": "jpg",
        "id": "99987d7183bb0df9e44269cd50f9fab3",
        "name": "patate-de-viande.jpg",
        "path": "file:/home/leo/Desktop/New%20Folder12/novo/patate-de-viande.jpg",
        "size": {
            "width": 428,
            "height": 280
        },
        "state": 2,
        "type": 1
    },
    "regions": [
        {
            "id": "PUkJYUexq",
            "type": "RECTANGLE",
            "tags": [
                "tomate"
            ],
            "boundingBox": {
                "height": 33.028169014084504,
                "width": 60.64976958525345,
                "left": 94.98099078341014,
                "top": 32.04225352112676
            },
            "points": [
                {
                    "x": 94.98099078341014,
                    "y": 32.04225352112676
                },
                {
                    "x": 155.63076036866357,
                    "y": 32.04225352112676
                },
                {
                    "x": 155.63076036866357,
                    "y": 65.07042253521126
                },
                {
                    "x": 94.98099078341014,
                    "y": 65.07042253521126
                }
            ]
        },
        {
            "id": "nHznRxYRe",
            "type": "RECTANGLE",
            "tags": [
                "tomate"
            ],
            "boundingBox": {
                "height": 38.943661971830984,
                "width": 43.39170506912442,
                "left": 219.73214285714283,
                "top": 112.88732394366197
            },
            "points": [
                {
                    "x": 219.73214285714283,
                    "y": 112.88732394366197
                },
                {
                    "x": 263.1238479262673,
                    "y": 112.88732394366197
                },
                {
                    "x": 263.1238479262673,
                    "y": 151.83098591549296
                },
                {
                    "x": 219.73214285714283,
                    "y": 151.83098591549296
                }
            ]
        },
        {
            "id": "iXMl9MDDr",
            "type": "RECTANGLE",
            "tags": [
                "pomme de terre"
            ],
            "boundingBox": {
                "height": 45.352112676056336,
                "width": 90.72811059907833,
                "left": 141.82430875576037,
                "top": 73.94366197183099
            },
            "points": [
                {
                    "x": 141.82430875576037,
                    "y": 73.94366197183099
                },
                {
                    "x": 232.5524193548387,
                    "y": 73.94366197183099
                },
                {
                    "x": 232.5524193548387,
                    "y": 119.29577464788733
                },
                {
                    "x": 141.82430875576037,
                    "y": 119.29577464788733
                }
            ]
        },
        {
            "id": "voc0cOiwW",
            "type": "RECTANGLE",
            "tags": [
                "pomme de terre"
            ],
            "boundingBox": {
                "height": 36.971830985915496,
                "width": 72.48387096774194,
                "left": 257.20679723502303,
                "top": 143.45070422535213
            },
            "points": [
                {
                    "x": 257.20679723502303,
                    "y": 143.45070422535213
                },
                {
                    "x": 329.6906682027649,
                    "y": 143.45070422535213
                },
                {
                    "x": 329.6906682027649,
                    "y": 180.42253521126761
                },
                {
                    "x": 257.20679723502303,
                    "y": 180.42253521126761
                }
            ]
        },
        {
            "id": "MHwvGuGUz",
            "type": "RECTANGLE",
            "tags": [
                "viande"
            ],
            "boundingBox": {
                "height": 42.887323943661976,
                "width": 99.6036866359447,
                "left": 117.66301843317972,
                "top": 142.95774647887325
            },
            "points": [
                {
                    "x": 117.66301843317972,
                    "y": 142.95774647887325
                },
                {
                    "x": 217.2667050691244,
                    "y": 142.95774647887325
                },
                {
                    "x": 217.2667050691244,
                    "y": 185.8450704225352
                },
                {
                    "x": 117.66301843317972,
                    "y": 185.8450704225352
                }
            ]
        },
        {
            "id": "_Her-mNzS",
            "type": "RECTANGLE",
            "tags": [
                "viande"
            ],
            "boundingBox": {
                "height": 51.267605633802816,
                "width": 52.76036866359447,
                "left": 70.32661290322581,
                "top": 73.45070422535211
            },
            "points": [
                {
                    "x": 70.32661290322581,
                    "y": 73.45070422535211
                },
                {
                    "x": 123.08698156682027,
                    "y": 73.45070422535211
                },
                {
                    "x": 123.08698156682027,
                    "y": 124.71830985915493
                },
                {
                    "x": 70.32661290322581,
                    "y": 124.71830985915493
                }
            ]
        }
    ],
    "version": "2.2.0"
}