{
    "asset": {
        "format": "jpg",
        "id": "a112b81694dd109588698baa76c8eb23",
        "name": "abacha-plat-%C3%A0-base-de-manioc.jpg",
        "path": "file:/home/leo/Desktop/New%20Folder12/novo/abacha-plat-%C3%A0-base-de-manioc.jpg",
        "size": {
            "width": 1300,
            "height": 934
        },
        "state": 2,
        "type": 1
    },
    "regions": [
        {
            "id": "9XEqqTeBY",
            "type": "RECTANGLE",
            "tags": [
                "carrotte"
            ],
            "boundingBox": {
                "height": 402.86971830985914,
                "width": 540.70796460177,
                "left": 214.9632585335019,
                "top": 200.61267605633802
            },
            "points": [
                {
                    "x": 214.9632585335019,
                    "y": 200.61267605633802
                },
                {
                    "x": 755.6712231352718,
                    "y": 200.61267605633802
                },
                {
                    "x": 755.6712231352718,
                    "y": 603.4823943661971
                },
                {
                    "x": 214.9632585335019,
                    "y": 603.4823943661971
                }
            ]
        },
        {
            "id": "A160DVKsn",
            "type": "RECTANGLE",
            "tags": [
                "oeuf"
            ],
            "boundingBox": {
                "height": 424.2464788732394,
                "width": 770.7964601769911,
                "left": 451.62571112515803,
                "top": 24.665492957746476
            },
            "points": [
                {
                    "x": 451.62571112515803,
                    "y": 24.665492957746476
                },
                {
                    "x": 1222.422171302149,
                    "y": 24.665492957746476
                },
                {
                    "x": 1222.422171302149,
                    "y": 448.9119718309859
                },
                {
                    "x": 451.62571112515803,
                    "y": 448.9119718309859
                }
            ]
        }
    ],
    "version": "2.2.0"
}