{
    "asset": {
        "format": "jpg",
        "id": "ab251d6b652809bf19732bb38a591a1b",
        "name": "masala.jpg",
        "path": "file:/home/leo/Desktop/New%20Folder12/novo/masala.jpg",
        "size": {
            "width": 1300,
            "height": 866
        },
        "state": 2,
        "type": 1
    },
    "regions": [
        {
            "id": "iLG6OhGsz",
            "type": "RECTANGLE",
            "tags": [
                "pomme de terre"
            ],
            "boundingBox": {
                "height": 201.25352112676057,
                "width": 623.3294255568582,
                "left": 252.72750586166472,
                "top": 222.59859154929578
            },
            "points": [
                {
                    "x": 252.72750586166472,
                    "y": 222.59859154929578
                },
                {
                    "x": 876.0569314185229,
                    "y": 222.59859154929578
                },
                {
                    "x": 876.0569314185229,
                    "y": 423.8521126760564
                },
                {
                    "x": 252.72750586166472,
                    "y": 423.8521126760564
                }
            ]
        },
        {
            "id": "HFM5ZUkgp",
            "type": "RECTANGLE",
            "tags": [
                "poulet"
            ],
            "boundingBox": {
                "height": 231.74647887323945,
                "width": 274.3259085580305,
                "left": 136.90101113716295,
                "top": 434.52464788732397
            },
            "points": [
                {
                    "x": 136.90101113716295,
                    "y": 434.52464788732397
                },
                {
                    "x": 411.22691969519343,
                    "y": 434.52464788732397
                },
                {
                    "x": 411.22691969519343,
                    "y": 666.2711267605634
                },
                {
                    "x": 136.90101113716295,
                    "y": 666.2711267605634
                }
            ]
        },
        {
            "id": "3dAehsOH2",
            "type": "RECTANGLE",
            "tags": [
                "champignon"
            ],
            "boundingBox": {
                "height": 254.6161971830986,
                "width": 559.3200468933177,
                "left": 536.1976113716296,
                "top": 451.29577464788736
            },
            "points": [
                {
                    "x": 536.1976113716296,
                    "y": 451.29577464788736
                },
                {
                    "x": 1095.5176582649472,
                    "y": 451.29577464788736
                },
                {
                    "x": 1095.5176582649472,
                    "y": 705.911971830986
                },
                {
                    "x": 536.1976113716296,
                    "y": 705.911971830986
                }
            ]
        }
    ],
    "version": "2.2.0"
}