{
    "asset": {
        "format": "jpg",
        "id": "b7da71656519008e11f566c6a9738cff",
        "name": "Skudahkharis.jpg",
        "path": "file:/home/leo/Desktop/New%20Folder12/novo/Skudahkharis.jpg",
        "size": {
            "width": 768,
            "height": 766
        },
        "state": 2,
        "type": 1
    },
    "regions": [
        {
            "id": "HMEnmG2FO",
            "type": "RECTANGLE",
            "tags": [
                "piments"
            ],
            "boundingBox": {
                "height": 101.1443661971831,
                "width": 87.7328646748682,
                "left": 561.8277680140598,
                "top": 225.21478873239437
            },
            "points": [
                {
                    "x": 561.8277680140598,
                    "y": 225.21478873239437
                },
                {
                    "x": 649.560632688928,
                    "y": 225.21478873239437
                },
                {
                    "x": 649.560632688928,
                    "y": 326.35915492957747
                },
                {
                    "x": 561.8277680140598,
                    "y": 326.35915492957747
                }
            ]
        },
        {
            "id": "61VPURDcQ",
            "type": "POLYGON",
            "tags": [
                "gombo"
            ],
            "boundingBox": {
                "height": 87.65845070422536,
                "width": 198.41124780316346,
                "left": 248.688927943761,
                "top": 338.4964788732395
            },
            "points": [
                {
                    "x": 248.688927943761,
                    "y": 395.137323943662
                },
                {
                    "x": 248.688927943761,
                    "y": 395.137323943662
                },
                {
                    "x": 447.10017574692444,
                    "y": 338.4964788732395
                },
                {
                    "x": 326.97363796133567,
                    "y": 415.3661971830986
                },
                {
                    "x": 256.7873462214411,
                    "y": 426.1549295774648
                }
            ]
        },
        {
            "id": "Mp_Dlatzu",
            "type": "POLYGON",
            "tags": [
                "viande",
                "riz"
            ],
            "boundingBox": {
                "height": 287.25,
                "width": 429.2161687170475,
                "left": 210.896309314587,
                "top": 207.6830985915493
            },
            "points": [
                {
                    "x": 274.33391915641477,
                    "y": 334.4507042253521
                },
                {
                    "x": 210.896309314587,
                    "y": 226.56338028169014
                },
                {
                    "x": 321.5746924428823,
                    "y": 207.6830985915493
                },
                {
                    "x": 509.18804920913885,
                    "y": 289.94718309859155
                },
                {
                    "x": 640.1124780316345,
                    "y": 399.1830985915493
                },
                {
                    "x": 615.8172231985941,
                    "y": 494.9330985915493
                },
                {
                    "x": 491.6414762741652,
                    "y": 469.3098591549296
                },
                {
                    "x": 271.63444639718807,
                    "y": 337.1478873239437
                }
            ]
        },
        {
            "id": "0w60TzjEj",
            "type": "POLYGON",
            "tags": [
                "riz"
            ],
            "boundingBox": {
                "height": 509.7676056338029,
                "width": 633.0263620386644,
                "left": 69.17398945518454,
                "top": 106.5387323943662
            },
            "points": [
                {
                    "x": 117.76449912126537,
                    "y": 519.2077464788732
                },
                {
                    "x": 258.1370826010545,
                    "y": 610.911971830986
                },
                {
                    "x": 506.48857644991216,
                    "y": 616.3063380281691
                },
                {
                    "x": 637.4130052724078,
                    "y": 539.4366197183099
                },
                {
                    "x": 702.2003514938489,
                    "y": 360.07394366197184
                },
                {
                    "x": 596.9209138840071,
                    "y": 187.4542253521127
                },
                {
                    "x": 397.1599297012302,
                    "y": 106.5387323943662
                },
                {
                    "x": 189.30052724077328,
                    "y": 159.1338028169014
                },
                {
                    "x": 69.17398945518454,
                    "y": 283.2042253521127
                },
                {
                    "x": 116.41476274165203,
                    "y": 516.5105633802817
                }
            ]
        }
    ],
    "version": "2.2.0"
}