{
    "asset": {
        "format": "jpg",
        "id": "bbc88b76dbc90049b8afae921b214a69",
        "name": "riz-saut%C3%A9.jpg",
        "path": "file:/home/leo/Desktop/New%20Folder12/novo/riz-saut%C3%A9.jpg",
        "size": {
            "width": 450,
            "height": 311
        },
        "state": 2,
        "type": 1
    },
    "regions": [
        {
            "id": "r399yu4Ya",
            "type": "RECTANGLE",
            "tags": [
                "epinard"
            ],
            "boundingBox": {
                "height": 40.517605633802816,
                "width": 57.242244525547434,
                "left": 200.6044708029197,
                "top": 79.39260563380282
            },
            "points": [
                {
                    "x": 200.6044708029197,
                    "y": 79.39260563380282
                },
                {
                    "x": 257.84671532846716,
                    "y": 79.39260563380282
                },
                {
                    "x": 257.84671532846716,
                    "y": 119.91021126760563
                },
                {
                    "x": 200.6044708029197,
                    "y": 119.91021126760563
                }
            ]
        },
        {
            "id": "7ecte4akgg",
            "type": "RECTANGLE",
            "tags": [
                "riz sauce tomate"
            ],
            "boundingBox": {
                "height": 71.17957746478874,
                "width": 153.59260948905109,
                "left": 155.7139598540146,
                "top": 118.2676056338028
            },
            "points": [
                {
                    "x": 155.7139598540146,
                    "y": 118.2676056338028
                },
                {
                    "x": 309.3065693430657,
                    "y": 118.2676056338028
                },
                {
                    "x": 309.3065693430657,
                    "y": 189.44718309859155
                },
                {
                    "x": 155.7139598540146,
                    "y": 189.44718309859155
                }
            ]
        }
    ],
    "version": "2.2.0"
}