{
    "asset": {
        "format": "jpg",
        "id": "cbf0eb3c9a41c80ed62c33f188112f5a",
        "name": "abacha.jpg",
        "path": "file:/home/leo/Desktop/New%20Folder12/novo/abacha.jpg",
        "size": {
            "width": 1300,
            "height": 888
        },
        "state": 2,
        "type": 1
    },
    "regions": [
        {
            "id": "0KkkPx-ps",
            "type": "RECTANGLE",
            "tags": [
                "pomme de terre"
            ],
            "boundingBox": {
                "height": 469.01408450704224,
                "width": 376.5625,
                "left": 27.001953125,
                "top": 245.4507042253521
            },
            "points": [
                {
                    "x": 27.001953125,
                    "y": 245.4507042253521
                },
                {
                    "x": 403.564453125,
                    "y": 245.4507042253521
                },
                {
                    "x": 403.564453125,
                    "y": 714.4647887323943
                },
                {
                    "x": 27.001953125,
                    "y": 714.4647887323943
                }
            ]
        },
        {
            "id": "NdjeQG7Z5",
            "type": "RECTANGLE",
            "tags": [
                "poissons"
            ],
            "boundingBox": {
                "height": 245.4507042253521,
                "width": 215.625,
                "left": 505.126953125,
                "top": 370.52112676056333
            },
            "points": [
                {
                    "x": 505.126953125,
                    "y": 370.52112676056333
                },
                {
                    "x": 720.751953125,
                    "y": 370.52112676056333
                },
                {
                    "x": 720.751953125,
                    "y": 615.9718309859154
                },
                {
                    "x": 505.126953125,
                    "y": 615.9718309859154
                }
            ]
        },
        {
            "id": "csz-3NRmv",
            "type": "RECTANGLE",
            "tags": [
                "poissons"
            ],
            "boundingBox": {
                "height": 134.45070422535207,
                "width": 367.1875,
                "left": 539.501953125,
                "top": 164.15492957746477
            },
            "points": [
                {
                    "x": 539.501953125,
                    "y": 164.15492957746477
                },
                {
                    "x": 906.689453125,
                    "y": 164.15492957746477
                },
                {
                    "x": 906.689453125,
                    "y": 298.60563380281684
                },
                {
                    "x": 539.501953125,
                    "y": 298.60563380281684
                }
            ]
        },
        {
            "id": "x62IUlRQr",
            "type": "RECTANGLE",
            "tags": [
                "epinard"
            ],
            "boundingBox": {
                "height": 90.67605633802816,
                "width": 168.75,
                "left": 439.501953125,
                "top": 265.7746478873239
            },
            "points": [
                {
                    "x": 439.501953125,
                    "y": 265.7746478873239
                },
                {
                    "x": 608.251953125,
                    "y": 265.7746478873239
                },
                {
                    "x": 608.251953125,
                    "y": 356.45070422535207
                },
                {
                    "x": 439.501953125,
                    "y": 356.45070422535207
                }
            ]
        },
        {
            "id": "p7L-yh4hI",
            "type": "RECTANGLE",
            "tags": [
                "oignons"
            ],
            "boundingBox": {
                "height": 103.1830985915493,
                "width": 328.125,
                "left": 130.126953125,
                "top": 93.80281690140845
            },
            "points": [
                {
                    "x": 130.126953125,
                    "y": 93.80281690140845
                },
                {
                    "x": 458.251953125,
                    "y": 93.80281690140845
                },
                {
                    "x": 458.251953125,
                    "y": 196.98591549295773
                },
                {
                    "x": 130.126953125,
                    "y": 196.98591549295773
                }
            ]
        }
    ],
    "version": "2.2.0"
}