{
    "asset": {
        "format": "jpg",
        "id": "cc283de0fd3b65303e50039f528fcc9b",
        "name": "rago%C3%BBt-de-poulet-rouge-yebeg-alicha.jpg",
        "path": "file:/home/leo/Desktop/New%20Folder12/novo/rago%C3%BBt-de-poulet-rouge-yebeg-alicha.jpg",
        "size": {
            "width": 1300,
            "height": 866
        },
        "state": 2,
        "type": 1
    },
    "regions": [
        {
            "id": "AUJaBQKG3",
            "type": "RECTANGLE",
            "tags": [
                "oeuf"
            ],
            "boundingBox": {
                "height": 246.99295774647888,
                "width": 149.35521688159437,
                "left": 341.12140973036344,
                "top": 157.0387323943662
            },
            "points": [
                {
                    "x": 341.12140973036344,
                    "y": 157.0387323943662
                },
                {
                    "x": 490.4766266119578,
                    "y": 157.0387323943662
                },
                {
                    "x": 490.4766266119578,
                    "y": 404.0316901408451
                },
                {
                    "x": 341.12140973036344,
                    "y": 404.0316901408451
                }
            ]
        },
        {
            "id": "EVORgUOY_",
            "type": "RECTANGLE",
            "tags": [
                "oeuf"
            ],
            "boundingBox": {
                "height": 85.38028169014085,
                "width": 283.732048651817,
                "left": 537.7216441969521,
                "top": 335.42253521126764
            },
            "points": [
                {
                    "x": 537.7216441969521,
                    "y": 335.42253521126764
                },
                {
                    "x": 821.453692848769,
                    "y": 335.42253521126764
                },
                {
                    "x": 821.453692848769,
                    "y": 420.80281690140845
                },
                {
                    "x": 537.7216441969521,
                    "y": 420.80281690140845
                }
            ]
        },
        {
            "id": "XE5HOhqy7",
            "type": "RECTANGLE",
            "tags": [
                "tomate"
            ],
            "boundingBox": {
                "height": 166.18661971830986,
                "width": 239.27315357561548,
                "left": 790.7110932004689,
                "top": 161.61267605633805
            },
            "points": [
                {
                    "x": 790.7110932004689,
                    "y": 161.61267605633805
                },
                {
                    "x": 1029.9842467760843,
                    "y": 161.61267605633805
                },
                {
                    "x": 1029.9842467760843,
                    "y": 327.79929577464793
                },
                {
                    "x": 790.7110932004689,
                    "y": 327.79929577464793
                }
            ]
        },
        {
            "id": "JhycMuLIT",
            "type": "RECTANGLE",
            "tags": [
                "percile",
                "epices"
            ],
            "boundingBox": {
                "height": 149.4154929577465,
                "width": 219.4607268464244,
                "left": 516.3851846424385,
                "top": 59.46126760563381
            },
            "points": [
                {
                    "x": 516.3851846424385,
                    "y": 59.46126760563381
                },
                {
                    "x": 735.8459114888628,
                    "y": 59.46126760563381
                },
                {
                    "x": 735.8459114888628,
                    "y": 208.8767605633803
                },
                {
                    "x": 516.3851846424385,
                    "y": 208.8767605633803
                }
            ]
        },
        {
            "id": "m8JBp7fT3",
            "type": "RECTANGLE",
            "tags": [
                "epices"
            ],
            "boundingBox": {
                "height": 199.72887323943664,
                "width": 338.3352872215709,
                "left": 556.0100381008207,
                "top": 446.7218309859155
            },
            "points": [
                {
                    "x": 556.0100381008207,
                    "y": 446.7218309859155
                },
                {
                    "x": 894.3453253223915,
                    "y": 446.7218309859155
                },
                {
                    "x": 894.3453253223915,
                    "y": 646.4507042253522
                },
                {
                    "x": 556.0100381008207,
                    "y": 646.4507042253522
                }
            ]
        },
        {
            "id": "BVqwA2SbM",
            "type": "RECTANGLE",
            "tags": [
                "epices"
            ],
            "boundingBox": {
                "height": 243.943661971831,
                "width": 228.60492379835873,
                "left": 232.91507913247364,
                "top": 367.44014084507046
            },
            "points": [
                {
                    "x": 232.91507913247364,
                    "y": 367.44014084507046
                },
                {
                    "x": 461.5200029308324,
                    "y": 367.44014084507046
                },
                {
                    "x": 461.5200029308324,
                    "y": 611.3838028169015
                },
                {
                    "x": 232.91507913247364,
                    "y": 611.3838028169015
                }
            ]
        },
        {
            "id": "J-FECcIvS",
            "type": "RECTANGLE",
            "tags": [
                "epices"
            ],
            "boundingBox": {
                "height": 169.23591549295776,
                "width": 143.2590855803048,
                "left": 918.7298505275498,
                "top": 355.2429577464789
            },
            "points": [
                {
                    "x": 918.7298505275498,
                    "y": 355.2429577464789
                },
                {
                    "x": 1061.9889361078547,
                    "y": 355.2429577464789
                },
                {
                    "x": 1061.9889361078547,
                    "y": 524.4788732394367
                },
                {
                    "x": 918.7298505275498,
                    "y": 524.4788732394367
                }
            ]
        }
    ],
    "version": "2.2.0"
}