{
    "asset": {
        "format": "jpg",
        "id": "d3c2cddf1d745e7caaf16e25bd02bf8b",
        "name": "grillade-de-saucice-a-la-patate.jpg",
        "path": "file:/home/leo/Desktop/New%20Folder12/novo/grillade-de-saucice-a-la-patate.jpg",
        "size": {
            "width": 390,
            "height": 280
        },
        "state": 2,
        "type": 1
    },
    "regions": [
        {
            "id": "aM-SIZNXl",
            "type": "RECTANGLE",
            "tags": [
                "saucice de porq"
            ],
            "boundingBox": {
                "height": 147.88732394366198,
                "width": 119.81036662452591,
                "left": 200.21551042983566,
                "top": 40.91549295774648
            },
            "points": [
                {
                    "x": 200.21551042983566,
                    "y": 40.91549295774648
                },
                {
                    "x": 320.02587705436156,
                    "y": 40.91549295774648
                },
                {
                    "x": 320.02587705436156,
                    "y": 188.80281690140845
                },
                {
                    "x": 200.21551042983566,
                    "y": 188.80281690140845
                }
            ]
        },
        {
            "id": "qdvoVEHcS",
            "type": "RECTANGLE",
            "tags": [
                "pomme de terre"
            ],
            "boundingBox": {
                "height": 86.7605633802817,
                "width": 63.10998735777497,
                "left": 116.39755847029078,
                "top": 29.084507042253517
            },
            "points": [
                {
                    "x": 116.39755847029078,
                    "y": 29.084507042253517
                },
                {
                    "x": 179.50754582806573,
                    "y": 29.084507042253517
                },
                {
                    "x": 179.50754582806573,
                    "y": 115.84507042253522
                },
                {
                    "x": 116.39755847029078,
                    "y": 115.84507042253522
                }
            ]
        },
        {
            "id": "3UQBWbju_",
            "type": "RECTANGLE",
            "tags": [
                "epices"
            ],
            "boundingBox": {
                "height": 82.32394366197184,
                "width": 84.3109987357775,
                "left": 110.48099715549937,
                "top": 122.74647887323944
            },
            "points": [
                {
                    "x": 110.48099715549937,
                    "y": 122.74647887323944
                },
                {
                    "x": 194.79199589127685,
                    "y": 122.74647887323944
                },
                {
                    "x": 194.79199589127685,
                    "y": 205.07042253521126
                },
                {
                    "x": 110.48099715549937,
                    "y": 205.07042253521126
                }
            ]
        }
    ],
    "version": "2.2.0"
}