{
    "asset": {
        "format": "jpg",
        "id": "de399885e9227b7c8b42ab554323609b",
        "name": "Fah-fah.jpg",
        "path": "file:/home/leo/Desktop/New%20Folder12/novo/Fah-fah.jpg",
        "size": {
            "width": 768,
            "height": 765
        },
        "state": 2,
        "type": 1
    },
    "regions": [
        {
            "id": "-A1e-wsH6",
            "type": "POLYGON",
            "tags": [
                "viande"
            ],
            "boundingBox": {
                "height": 339.40140845070425,
                "width": 304.5052631578947,
                "left": 111.32631578947368,
                "top": 59.260563380281695
            },
            "points": [
                {
                    "x": 111.32631578947368,
                    "y": 165.66021126760563
                },
                {
                    "x": 170.61052631578946,
                    "y": 98.31866197183099
                },
                {
                    "x": 282.4421052631579,
                    "y": 59.260563380281695
                },
                {
                    "x": 359.2421052631579,
                    "y": 63.30105633802817
                },
                {
                    "x": 387.53684210526313,
                    "y": 111.78697183098592
                },
                {
                    "x": 344.42105263157896,
                    "y": 133.3362676056338
                },
                {
                    "x": 415.8315789473684,
                    "y": 234.34859154929578
                },
                {
                    "x": 414.4842105263158,
                    "y": 307.0774647887324
                },
                {
                    "x": 386.1894736842105,
                    "y": 390.580985915493
                },
                {
                    "x": 340.37894736842105,
                    "y": 398.6619718309859
                },
                {
                    "x": 289.17894736842106,
                    "y": 375.76584507042253
                },
                {
                    "x": 216.42105263157893,
                    "y": 390.580985915493
                },
                {
                    "x": 145.01052631578946,
                    "y": 390.580985915493
                },
                {
                    "x": 163.8736842105263,
                    "y": 335.36091549295776
                },
                {
                    "x": 206.9894736842105,
                    "y": 269.3661971830986
                },
                {
                    "x": 211.03157894736842,
                    "y": 253.20422535211267
                },
                {
                    "x": 142.31578947368422,
                    "y": 222.22711267605635
                },
                {
                    "x": 112.67368421052632,
                    "y": 165.66021126760563
                }
            ]
        },
        {
            "id": "NMV7b2n8Q",
            "type": "POLYGON",
            "tags": [
                "pomme de terre",
                "carrotte"
            ],
            "boundingBox": {
                "height": 331.32042253521126,
                "width": 416.33684210526314,
                "left": 72.25263157894737,
                "top": 426.94542253521126
            },
            "points": [
                {
                    "x": 72.25263157894737,
                    "y": 447.1478873239437
                },
                {
                    "x": 244.7157894736842,
                    "y": 426.94542253521126
                },
                {
                    "x": 376.7578947368421,
                    "y": 466.0035211267606
                },
                {
                    "x": 423.9157894736842,
                    "y": 513.1426056338029
                },
                {
                    "x": 396.9684210526316,
                    "y": 591.2588028169014
                },
                {
                    "x": 458.9473684210526,
                    "y": 651.8661971830986
                },
                {
                    "x": 488.58947368421053,
                    "y": 746.1443661971831
                },
                {
                    "x": 380.8,
                    "y": 758.2658450704225
                },
                {
                    "x": 313.4315789473684,
                    "y": 678.8028169014085
                },
                {
                    "x": 262.2315789473684,
                    "y": 647.8257042253522
                },
                {
                    "x": 220.46315789473684,
                    "y": 643.7852112676056
                },
                {
                    "x": 146.3578947368421,
                    "y": 673.4154929577466
                },
                {
                    "x": 165.22105263157894,
                    "y": 602.0334507042254
                },
                {
                    "x": 120.7578947368421,
                    "y": 515.8362676056338
                },
                {
                    "x": 73.6,
                    "y": 444.4542253521127
                }
            ]
        },
        {
            "id": "_jRxF-fFB",
            "type": "POLYGON",
            "tags": [
                "carrotte"
            ],
            "boundingBox": {
                "height": 150.84507042253523,
                "width": 132.04210526315788,
                "left": 384.84210526315786,
                "top": 129.29577464788733
            },
            "points": [
                {
                    "x": 450.86315789473684,
                    "y": 247.81690140845072
                },
                {
                    "x": 384.84210526315786,
                    "y": 138.72359154929578
                },
                {
                    "x": 403.7052631578947,
                    "y": 129.29577464788733
                },
                {
                    "x": 516.8842105263158,
                    "y": 238.38908450704227
                },
                {
                    "x": 516.8842105263158,
                    "y": 259.9383802816902
                },
                {
                    "x": 492.6315789473684,
                    "y": 280.14084507042253
                },
                {
                    "x": 448.1684210526316,
                    "y": 277.44718309859155
                },
                {
                    "x": 449.5157894736842,
                    "y": 245.1232394366197
                },
                {
                    "x": 450.86315789473684,
                    "y": 247.81690140845072
                }
            ]
        },
        {
            "id": "I0p9Cu0j5",
            "type": "POLYGON",
            "tags": [
                "carrotte"
            ],
            "boundingBox": {
                "height": 88.89084507042254,
                "width": 269.4736842105263,
                "left": 475.1157894736842,
                "top": 398.6619718309859
            },
            "points": [
                {
                    "x": 476.4631578947368,
                    "y": 405.3961267605634
                },
                {
                    "x": 576.1684210526315,
                    "y": 398.6619718309859
                },
                {
                    "x": 725.7263157894737,
                    "y": 432.3327464788733
                },
                {
                    "x": 744.5894736842105,
                    "y": 444.4542253521127
                },
                {
                    "x": 724.378947368421,
                    "y": 472.73767605633805
                },
                {
                    "x": 644.8842105263158,
                    "y": 487.55281690140845
                },
                {
                    "x": 547.8736842105263,
                    "y": 445.80105633802816
                },
                {
                    "x": 489.93684210526317,
                    "y": 452.53521126760563
                },
                {
                    "x": 475.1157894736842,
                    "y": 402.7024647887324
                }
            ]
        },
        {
            "id": "HSgn1Vr_U",
            "type": "POLYGON",
            "tags": [
                "tomate"
            ],
            "boundingBox": {
                "height": 250.5105633802817,
                "width": 269.4736842105263,
                "left": 351.1578947368421,
                "top": 374.41901408450707
            },
            "points": [
                {
                    "x": 351.1578947368421,
                    "y": 422.9049295774648
                },
                {
                    "x": 414.4842105263158,
                    "y": 386.5404929577465
                },
                {
                    "x": 473.7684210526316,
                    "y": 374.41901408450707
                },
                {
                    "x": 484.5473684210526,
                    "y": 435.02640845070425
                },
                {
                    "x": 542.4842105263158,
                    "y": 452.53521126760563
                },
                {
                    "x": 603.1157894736842,
                    "y": 478.125
                },
                {
                    "x": 620.6315789473684,
                    "y": 492.94014084507046
                },
                {
                    "x": 604.4631578947368,
                    "y": 530.6514084507043
                },
                {
                    "x": 605.8105263157895,
                    "y": 548.1602112676056
                },
                {
                    "x": 529.0105263157894,
                    "y": 624.9295774647887
                },
                {
                    "x": 469.7263157894737,
                    "y": 595.2992957746479
                },
                {
                    "x": 450.86315789473684,
                    "y": 526.6109154929578
                },
                {
                    "x": 407.7473684210526,
                    "y": 488.89964788732397
                },
                {
                    "x": 351.1578947368421,
                    "y": 424.2517605633803
                }
            ]
        },
        {
            "id": "YVdMvLpj3",
            "type": "POLYGON",
            "tags": [
                "carrotte"
            ],
            "boundingBox": {
                "height": 111.78697183098592,
                "width": 142.82105263157894,
                "left": 485.89473684210526,
                "top": 125.25528169014085
            },
            "points": [
                {
                    "x": 551.9157894736842,
                    "y": 127.94894366197184
                },
                {
                    "x": 485.89473684210526,
                    "y": 168.35387323943664
                },
                {
                    "x": 523.6210526315789,
                    "y": 237.04225352112678
                },
                {
                    "x": 564.0421052631579,
                    "y": 207.41197183098592
                },
                {
                    "x": 627.3684210526316,
                    "y": 202.02464788732394
                },
                {
                    "x": 628.7157894736841,
                    "y": 175.08802816901408
                },
                {
                    "x": 585.6,
                    "y": 133.3362676056338
                },
                {
                    "x": 550.5684210526316,
                    "y": 125.25528169014085
                },
                {
                    "x": 549.2210526315789,
                    "y": 125.25528169014085
                }
            ]
        },
        {
            "id": "uaLZPd9hp",
            "type": "POLYGON",
            "tags": [
                "chou"
            ],
            "boundingBox": {
                "height": 204.71830985915494,
                "width": 225.01052631578946,
                "left": 520.9263157894736,
                "top": 207.41197183098592
            },
            "points": [
                {
                    "x": 541.1368421052631,
                    "y": 359.6038732394366
                },
                {
                    "x": 520.9263157894736,
                    "y": 284.181338028169
                },
                {
                    "x": 545.1789473684211,
                    "y": 230.3080985915493
                },
                {
                    "x": 586.9473684210526,
                    "y": 207.41197183098592
                },
                {
                    "x": 639.4947368421052,
                    "y": 223.57394366197184
                },
                {
                    "x": 674.5263157894736,
                    "y": 307.0774647887324
                },
                {
                    "x": 744.5894736842105,
                    "y": 356.91021126760563
                },
                {
                    "x": 745.9368421052632,
                    "y": 389.23415492957747
                },
                {
                    "x": 721.6842105263157,
                    "y": 412.13028169014086
                },
                {
                    "x": 601.7684210526315,
                    "y": 401.3556338028169
                },
                {
                    "x": 543.8315789473684,
                    "y": 359.6038732394366
                }
            ]
        },
        {
            "id": "geCEpwTlK",
            "type": "POLYGON",
            "tags": [
                "chou"
            ],
            "boundingBox": {
                "height": 133.3362676056338,
                "width": 196.7157894736842,
                "left": 549.2210526315789,
                "top": 534.6919014084507
            },
            "points": [
                {
                    "x": 550.5684210526316,
                    "y": 649.1725352112676
                },
                {
                    "x": 562.6947368421053,
                    "y": 588.5651408450705
                },
                {
                    "x": 697.4315789473684,
                    "y": 534.6919014084507
                },
                {
                    "x": 745.9368421052632,
                    "y": 577.7904929577466
                },
                {
                    "x": 701.4736842105262,
                    "y": 628.9700704225352
                },
                {
                    "x": 603.1157894736842,
                    "y": 668.0281690140845
                },
                {
                    "x": 549.2210526315789,
                    "y": 651.8661971830986
                }
            ]
        },
        {
            "id": "gfNX4g6Ym",
            "type": "POLYGON",
            "tags": [
                "epinard"
            ],
            "boundingBox": {
                "height": 154.8855633802817,
                "width": 123.9578947368421,
                "left": 21.052631578947366,
                "top": 550.8538732394367
            },
            "points": [
                {
                    "x": 58.77894736842105,
                    "y": 612.8080985915493
                },
                {
                    "x": 145.01052631578946,
                    "y": 550.8538732394367
                },
                {
                    "x": 136.92631578947368,
                    "y": 639.7447183098592
                },
                {
                    "x": 103.2421052631579,
                    "y": 705.7394366197183
                },
                {
                    "x": 33.17894736842105,
                    "y": 690.9242957746479
                },
                {
                    "x": 21.052631578947366,
                    "y": 630.3169014084507
                },
                {
                    "x": 56.084210526315786,
                    "y": 608.7676056338029
                }
            ]
        }
    ],
    "version": "2.2.0"
}