{
    "asset": {
        "format": "jpg",
        "id": "de528a5b1fe0460f7a32468c472f3be9",
        "name": "plats-traditionnels.jpg",
        "path": "file:/home/leo/Desktop/New%20Folder12/novo/plats-traditionnels.jpg",
        "size": {
            "width": 1300,
            "height": 771
        },
        "state": 2,
        "type": 1
    },
    "regions": [
        {
            "id": "_6ByJCJin",
            "type": "RECTANGLE",
            "tags": [
                "poivron"
            ],
            "boundingBox": {
                "height": 551.7514124293785,
                "width": 140.89385474860336,
                "left": 210.6145251396648,
                "top": 20.91754943502825
            },
            "points": [
                {
                    "x": 210.6145251396648,
                    "y": 20.91754943502825
                },
                {
                    "x": 351.50837988826817,
                    "y": 20.91754943502825
                },
                {
                    "x": 351.50837988826817,
                    "y": 572.6689618644068
                },
                {
                    "x": 210.6145251396648,
                    "y": 572.6689618644068
                }
            ]
        },
        {
            "id": "fUX41eZHr",
            "type": "RECTANGLE",
            "tags": [
                "poivron"
            ],
            "boundingBox": {
                "height": 197.46892655367233,
                "width": 357.31843575419,
                "left": 752.4022346368715,
                "top": 96.42037429378531
            },
            "points": [
                {
                    "x": 752.4022346368715,
                    "y": 96.42037429378531
                },
                {
                    "x": 1109.7206703910615,
                    "y": 96.42037429378531
                },
                {
                    "x": 1109.7206703910615,
                    "y": 293.88930084745766
                },
                {
                    "x": 752.4022346368715,
                    "y": 293.88930084745766
                }
            ]
        },
        {
            "id": "Pm5DwQy7t",
            "type": "RECTANGLE",
            "tags": [
                "oeuf"
            ],
            "boundingBox": {
                "height": 290.3954802259887,
                "width": 550.5027932960894,
                "left": 278.8826815642459,
                "top": 0
            },
            "points": [
                {
                    "x": 278.8826815642459,
                    "y": 0
                },
                {
                    "x": 829.3854748603352,
                    "y": 0
                },
                {
                    "x": 829.3854748603352,
                    "y": 290.3954802259887
                },
                {
                    "x": 278.8826815642459,
                    "y": 290.3954802259887
                }
            ]
        }
    ],
    "version": "2.2.0"
}