{
    "asset": {
        "format": "jpg",
        "id": "e610e743e9cff5186f9f708e58b35fa1",
        "name": "sauce-verte.jpg",
        "path": "file:/home/leo/Desktop/New%20Folder12/novo/sauce-verte.jpg",
        "size": {
            "width": 1300,
            "height": 950
        },
        "state": 2,
        "type": 1
    },
    "regions": [
        {
            "id": "qfFT5S1OS",
            "type": "RECTANGLE",
            "tags": [
                "oeuf"
            ],
            "boundingBox": {
                "height": 194.01408450704227,
                "width": 292.7927927927928,
                "left": 380.0293597168597,
                "top": 568.661971830986
            },
            "points": [
                {
                    "x": 380.0293597168597,
                    "y": 568.661971830986
                },
                {
                    "x": 672.8221525096525,
                    "y": 568.661971830986
                },
                {
                    "x": 672.8221525096525,
                    "y": 762.6760563380282
                },
                {
                    "x": 380.0293597168597,
                    "y": 762.6760563380282
                }
            ]
        },
        {
            "id": "5rH9yyngV",
            "type": "RECTANGLE",
            "tags": [
                "poivron"
            ],
            "boundingBox": {
                "height": 245.86267605633805,
                "width": 279.4079794079794,
                "left": 691.2262709137709,
                "top": 480.0176056338029
            },
            "points": [
                {
                    "x": 691.2262709137709,
                    "y": 480.0176056338029
                },
                {
                    "x": 970.6342503217503,
                    "y": 480.0176056338029
                },
                {
                    "x": 970.6342503217503,
                    "y": 725.8802816901409
                },
                {
                    "x": 691.2262709137709,
                    "y": 725.8802816901409
                }
            ]
        },
        {
            "id": "ggDlRjURN",
            "type": "RECTANGLE",
            "tags": [
                "poivron"
            ],
            "boundingBox": {
                "height": 147.1830985915493,
                "width": 110.42471042471041,
                "left": 540.6471203346204,
                "top": 354.5774647887324
            },
            "points": [
                {
                    "x": 540.6471203346204,
                    "y": 354.5774647887324
                },
                {
                    "x": 651.0718307593307,
                    "y": 354.5774647887324
                },
                {
                    "x": 651.0718307593307,
                    "y": 501.7605633802817
                },
                {
                    "x": 540.6471203346204,
                    "y": 501.7605633802817
                }
            ]
        }
    ],
    "version": "2.2.0"
}