{
    "asset": {
        "format": "jpg",
        "id": "ed87138272f9c76b73490991479c8663",
        "name": "abakura.jpg",
        "path": "file:/home/leo/Desktop/New%20Folder12/novo/abakura.jpg",
        "size": {
            "width": 1300,
            "height": 1104
        },
        "state": 2,
        "type": 1
    },
    "regions": [
        {
            "id": "0-2pVPm7R",
            "type": "RECTANGLE",
            "tags": [
                "oeuf"
            ],
            "boundingBox": {
                "height": 359.5774647887324,
                "width": 443.2011397608373,
                "left": 522.5686659192821,
                "top": 219.63380281690138
            },
            "points": [
                {
                    "x": 522.5686659192821,
                    "y": 219.63380281690138
                },
                {
                    "x": 965.7698056801195,
                    "y": 219.63380281690138
                },
                {
                    "x": 965.7698056801195,
                    "y": 579.2112676056338
                },
                {
                    "x": 522.5686659192821,
                    "y": 579.2112676056338
                }
            ]
        },
        {
            "id": "ddRZ-izrR",
            "type": "RECTANGLE",
            "tags": [
                "carrotte"
            ],
            "boundingBox": {
                "height": 419.830985915493,
                "width": 336.17339312406574,
                "left": 413.7495328849028,
                "top": 379.01408450704224
            },
            "points": [
                {
                    "x": 413.7495328849028,
                    "y": 379.01408450704224
                },
                {
                    "x": 749.9229260089686,
                    "y": 379.01408450704224
                },
                {
                    "x": 749.9229260089686,
                    "y": 798.8450704225353
                },
                {
                    "x": 413.7495328849028,
                    "y": 798.8450704225353
                }
            ]
        }
    ],
    "version": "2.2.0"
}