{
    "asset": {
        "format": "jpg",
        "id": "f2b5ccaf7521ce657d90f0a2a3f24ff5",
        "name": "ragout-de-poulet-aux-noix-de-cajou-les-poivrons-et-le-riz-.jpg",
        "path": "file:/home/leo/Desktop/New%20Folder12/novo/ragout-de-poulet-aux-noix-de-cajou-les-poivrons-et-le-riz-.jpg",
        "size": {
            "width": 1300,
            "height": 956
        },
        "state": 2,
        "type": 1
    },
    "regions": [
        {
            "id": "3hUY2Nrww",
            "type": "RECTANGLE",
            "tags": [
                "piments"
            ],
            "boundingBox": {
                "height": 102.66901408450704,
                "width": 133.03108808290156,
                "left": 730.3290965025907,
                "top": 360.1830985915493
            },
            "points": [
                {
                    "x": 730.3290965025907,
                    "y": 360.1830985915493
                },
                {
                    "x": 863.3601845854922,
                    "y": 360.1830985915493
                },
                {
                    "x": 863.3601845854922,
                    "y": 462.8521126760563
                },
                {
                    "x": 730.3290965025907,
                    "y": 462.8521126760563
                }
            ]
        },
        {
            "id": "F0CefDKOR",
            "type": "RECTANGLE",
            "tags": [
                "piments"
            ],
            "boundingBox": {
                "height": 77.4225352112676,
                "width": 143.13471502590673,
                "left": 499.6296146373057,
                "top": 201.9718309859155
            },
            "points": [
                {
                    "x": 499.6296146373057,
                    "y": 201.9718309859155
                },
                {
                    "x": 642.7643296632124,
                    "y": 201.9718309859155
                },
                {
                    "x": 642.7643296632124,
                    "y": 279.3943661971831
                },
                {
                    "x": 499.6296146373057,
                    "y": 279.3943661971831
                }
            ]
        },
        {
            "id": "p0cZ57zPT",
            "type": "RECTANGLE",
            "tags": [
                "poissons"
            ],
            "boundingBox": {
                "height": 351.7676056338028,
                "width": 313.21243523316065,
                "left": 428.90422603626945,
                "top": 281.0774647887324
            },
            "points": [
                {
                    "x": 428.90422603626945,
                    "y": 281.0774647887324
                },
                {
                    "x": 742.1166612694301,
                    "y": 281.0774647887324
                },
                {
                    "x": 742.1166612694301,
                    "y": 632.8450704225352
                },
                {
                    "x": 428.90422603626945,
                    "y": 632.8450704225352
                }
            ]
        },
        {
            "id": "UyiwfmU0e",
            "type": "RECTANGLE",
            "tags": [
                "riz sauce d'arachide"
            ],
            "boundingBox": {
                "height": 641.2605633802817,
                "width": 902.5906735751295,
                "left": 194.83686852331607,
                "top": 132.96478873239437
            },
            "points": [
                {
                    "x": 194.83686852331607,
                    "y": 132.96478873239437
                },
                {
                    "x": 1097.4275420984457,
                    "y": 132.96478873239437
                },
                {
                    "x": 1097.4275420984457,
                    "y": 774.2253521126761
                },
                {
                    "x": 194.83686852331607,
                    "y": 774.2253521126761
                }
            ]
        }
    ],
    "version": "2.2.0"
}